Rk,Pk,Season,School,G_college,GS,MP_college,TS%,eFG%,3PAr,FTr,PProd,ORB%,DRB%,TRB%,AST%,STL%,BLK%,TOV%,USG%,OWS,DWS,WS_college,WS/40,name,PER,lottery
1,1,Career,Kentucky,37.0,37.0,1288.0,0.562,0.503,0.26,0.53,669.0,2.7,10.1,6.6,34.8,2.9,1.5,21.4,25.7,3.7,2.6,6.3,0.196,john wall,,True
2,2,Career,Ohio State,101.0,94.0,3314.0,0.577,0.527,0.139,0.473,682.0,7.3,23.5,14.1,31.4,3.0,2.4,21.1,30.8,9.3,6.8,16.1,0.194,evan turner,,True
3,3,Career,Georgia Tech,36.0,35.0,989.0,0.621,0.611,0.003,0.488,420.0,12.6,19.9,16.5,7.9,1.8,7.9,20.0,21.8,2.3,2.5,4.8,0.195,derrick favors,,True
5,5,Career,Kentucky,38.0,37.0,893.0,0.579,0.56,0.016,0.726,555.0,19.8,24.8,22.5,9.2,2.4,7.5,13.6,30.5,3.8,2.7,6.5,0.29,demarcus cousins,,True
7,7,Career,Georgetown,65.0,65.0,2122.0,0.585,0.55,0.052,0.565,574.0,8.6,25.2,15.5,20.7,2.2,4.4,19.0,24.7,6.0,4.5,10.5,0.198,greg monroe,,True
9,9,Career,Butler,69.0,69.0,2284.0,0.624,0.562,0.495,0.536,549.0,7.6,23.4,14.1,12.9,2.0,2.7,14.8,22.3,7.9,6.3,14.2,0.249,gordon hayward,,True
10,10,Career,Fresno State,63.0,63.0,2138.0,0.579,0.532,0.43,0.369,469.0,6.7,18.8,11.5,16.8,4.0,2.5,17.1,24.6,5.3,3.0,8.3,0.155,paul george,,True
11,11,Career,Kansas,111.0,71.0,2330.0,0.612,0.574,0.0,0.515,400.0,13.6,25.4,20.5,6.5,1.6,9.9,13.6,21.0,7.4,9.0,16.5,0.282,cole aldrich,,True
12,12,Career,Kansas,36.0,36.0,990.0,0.591,0.555,0.466,0.325,430.0,5.2,11.5,8.6,9.8,3.1,1.8,14.4,23.4,2.8,2.1,4.9,0.197,xavier henry,,True
13,13,Career,UNC,61.0,25.0,1357.0,0.572,0.548,0.0,0.595,282.0,10.8,24.2,17.9,5.7,0.9,7.8,14.9,19.2,2.6,4.6,7.2,0.212,ed davis,,True
14,14,Career,Kentucky,97.0,97.0,3295.0,0.625,0.597,0.069,0.396,498.0,10.6,13.4,13.8,10.0,1.2,3.9,11.3,21.3,12.0,5.7,17.7,0.215,patrick patterson,,True
15,15,Career,VCU,101.0,82.0,2376.0,0.538,0.523,0.02,0.456,472.0,12.9,24.9,18.6,5.5,1.6,10.7,13.8,23.5,4.7,10.0,14.6,0.246,larry sanders,,False
16,16,Career,Nevada,68.0,68.0,2370.0,0.591,0.52,0.192,0.424,697.0,6.6,19.4,13.4,11.0,1.6,1.9,11.6,26.8,8.4,3.6,12.0,0.202,luke babbitt,,False
18,18,Career,Kentucky,37.0,35.0,1122.0,0.566,0.54,0.41,0.394,405.0,1.9,8.5,5.5,16.8,2.6,1.1,23.2,20.4,1.5,2.1,3.5,0.126,eric bledsoe,,False
19,19,Career,Texas,34.0,32.0,1003.0,0.496,0.489,0.304,0.179,374.0,3.5,6.6,5.1,12.4,2.4,1.6,11.5,20.4,1.6,1.6,3.2,0.127,avery bradley,,False
21,21,Career,Iowa State,96.0,95.0,3052.0,0.514,0.472,0.184,0.349,508.0,6.6,19.4,13.6,12.2,1.3,2.7,11.6,29.1,5.5,5.0,10.5,0.137,craig brackins,,False
23,23,Career,Clemson,134.0,134.0,3806.0,0.584,0.569,0.058,0.428,482.0,10.1,20.4,16.4,14.0,2.5,4.8,15.0,23.3,10.5,13.3,23.8,0.25,trevor booker,,False
24,24,Career,Texas,142.0,140.0,4156.0,0.541,0.514,0.192,0.428,564.0,11.0,23.9,16.6,7.5,3.0,3.0,12.7,23.7,7.8,12.8,20.7,0.199,damion james,,False
25,25,Career,South Florida,95.0,94.0,3470.0,0.551,0.502,0.37,0.459,669.0,3.6,14.9,8.9,26.5,2.8,1.2,13.2,29.8,9.1,5.4,14.5,0.168,dominique jones,,False
26,26,Career,Washington,136.0,102.0,3715.0,0.572,0.524,0.127,0.429,653.0,10.3,15.0,11.6,11.5,2.2,1.3,14.2,24.4,9.7,6.7,16.4,0.176,quincy pondexter,,False
29,29,Career,Kentucky,38.0,0.0,502.0,0.533,0.527,0.022,0.692,135.0,10.3,16.3,13.5,5.0,2.4,10.6,23.9,15.0,0.3,1.3,1.7,0.135,daniel orton,,False
30,30,Career,Marquette,138.0,118.0,3648.0,0.55,0.509,0.32,0.306,563.0,8.2,21.3,15.1,8.1,3.6,1.2,12.0,27.2,8.7,8.3,17.0,0.186,lazar hayward,,False
32,32,Career,Texas,134.0,59.0,1629.0,0.625,0.623,0.0,0.64,333.0,16.6,15.3,17.1,4.9,1.0,6.6,16.9,25.2,5.8,5.1,10.8,0.266,dexter pittman,,False
33,33,Career,Marshall,34.0,23.0,889.0,0.548,0.528,0.016,0.586,411.0,11.9,23.8,18.3,2.2,1.2,18.8,13.6,25.8,2.0,2.5,4.5,0.2,hassan whiteside,,False
34,34,Career,Nevada,101.0,99.0,3299.0,0.536,0.497,0.207,0.318,574.0,2.6,8.0,6.3,25.3,1.4,0.7,17.0,22.9,6.0,3.3,9.3,0.112,armon johnson,,False
36,36,Career,Ole Miss,66.0,55.0,2032.0,0.526,0.504,0.435,0.242,487.0,5.3,9.9,7.6,9.1,1.5,0.6,9.9,23.9,4.4,2.1,6.5,0.128,terrico white,,False
37,37,Career,New Mexico,35.0,35.0,1175.0,0.52,0.484,0.246,0.453,588.0,6.9,24.6,15.5,29.3,2.2,1.6,16.3,26.9,3.0,2.2,5.2,0.178,darington hobson,,False
38,38,Career,Syracuse,127.0,65.0,3096.0,0.571,0.552,0.83,0.172,441.0,2.0,8.8,5.4,19.3,3.4,0.7,18.4,18.2,5.5,4.8,10.2,0.132,andy rautins,,False
39,39,Career,Stanford,129.0,65.0,3041.0,0.543,0.511,0.279,0.401,673.0,7.9,20.6,12.6,15.4,2.6,1.6,13.3,24.9,6.4,5.4,11.8,0.155,landry fields,,False
40,40,Career,Cincinnati,34.0,32.0,960.0,0.493,0.462,0.198,0.323,413.0,7.3,14.0,10.6,19.1,1.9,0.7,16.0,26.2,1.4,1.3,2.8,0.116,lance stephenson,,False
41,41,Career,Mississippi State,141.0,119.0,3594.0,0.597,0.59,0.004,0.553,477.0,10.6,22.9,16.1,5.3,1.2,11.9,14.0,18.9,8.7,12.6,21.2,0.236,jarvis varnado,,False
43,43,Career,West Virginia,69.0,65.0,2217.0,0.527,0.47,0.117,0.49,419.0,9.5,18.0,14.1,16.0,1.9,2.1,16.2,19.8,3.9,5.9,9.8,0.177,devin ebanks,,False
44,44,Career,Tulsa,133.0,119.0,3214.0,0.605,0.567,0.0,0.617,511.0,9.6,24.0,17.6,8.3,0.9,8.2,17.7,24.2,10.3,10.6,20.9,0.26,jerome jordan,,False
46,46,Career,Georgia Tech,99.0,91.0,2403.0,0.555,0.548,0.004,0.612,435.0,13.0,21.7,16.1,3.8,1.0,4.6,16.7,24.8,5.1,5.3,10.4,0.173,gani lawal,,False
47,47,Career,Oklahoma,30.0,21.0,720.0,0.584,0.556,0.076,0.399,308.0,13.1,25.2,19.1,7.5,1.7,3.3,20.9,23.7,1.4,0.8,2.2,0.12,tiny gallon,,False
50,50,Career,Florida State,77.0,68.0,1692.0,0.577,0.534,0.002,0.435,343.0,11.6,15.7,14.0,3.8,1.4,9.0,17.3,21.9,3.8,4.5,8.3,0.195,solomon alabi,,False
52,52,Career,Notre Dame,129.0,108.0,3769.0,0.536,0.486,0.066,0.365,573.0,8.3,24.2,17.8,13.3,0.9,2.0,9.1,34.7,9.8,9.6,19.4,0.206,luke harangody,,False
54,54,Career,Oklahoma,57.0,53.0,1806.0,0.59,0.539,0.457,0.45,344.0,2.3,9.5,4.7,22.3,1.8,0.1,17.9,24.8,4.8,1.4,6.3,0.139,willie warren,,False
55,55,Career,Western Kentucky,134.0,130.0,3150.0,0.66,0.648,0.049,0.436,332.0,13.5,17.8,14.4,4.3,1.9,6.8,14.4,16.1,9.0,8.8,17.8,0.226,jeremy evans,,False
57,57,Career,Florida State,126.0,66.0,2539.0,0.524,0.496,0.002,0.524,215.0,9.9,10.0,11.5,6.6,1.5,2.4,25.7,15.9,2.0,4.3,6.3,0.099,ryan reid,,False
59,59,Career,UConn,126.0,103.0,3307.0,0.54,0.521,0.21,0.278,442.0,8.9,14.6,12.2,7.4,1.5,3.1,15.6,20.4,4.4,7.4,11.8,0.143,stanley robinson,,False
60,60,Career,Miami (FL),126.0,99.0,2973.0,0.571,0.565,0.0,0.691,338.0,14.3,22.0,17.3,8.8,1.4,3.1,16.9,23.3,6.0,7.1,13.2,0.177,dwayne collins,,False
1,1,Career,Duke,11.0,8.0,303.0,0.697,0.615,0.375,0.683,189.0,2.3,10.6,6.7,29.8,3.0,1.8,16.4,26.4,1.8,0.6,2.4,0.32,kyrie irving,32.5,True
8,8,Career,Kentucky,16.0,16.0,592.0,0.567,0.519,0.418,0.351,275.0,2.4,12.9,7.7,22.3,0.8,0.5,15.9,25.2,1.8,0.5,2.3,0.156,brandon knight,19.5,True
9,9,Career,UConn,18.0,18.0,700.0,0.5,0.447,0.319,0.373,385.0,4.1,12.6,8.4,28.2,2.6,0.3,7.8,31.7,2.5,0.7,3.2,0.182,kemba walker,25.2,True
10,10,Career,BYU,16.0,16.0,589.0,0.6,0.522,0.389,0.471,473.0,2.2,9.8,6.1,27.8,2.2,0.0,13.3,39.9,3.2,0.7,3.9,0.264,jimmer fredette,32.2,True
11,11,Career,Washington State,17.0,16.0,606.0,0.545,0.498,0.437,0.28,342.0,4.1,15.7,10.2,25.7,2.4,3.8,16.9,33.2,1.3,0.8,2.2,0.143,klay thompson,22.9,True
12,12,Career,Colorado,16.0,16.0,526.0,0.524,0.44,0.202,0.539,326.0,10.2,18.7,14.5,19.1,1.3,1.2,15.3,34.0,1.6,0.2,1.9,0.143,alec burks,24.2,True
13,13,Career,Kansas,16.0,16.0,413.0,0.67,0.673,0.176,0.471,210.0,12.7,26.6,19.9,13.1,1.9,5.7,17.0,24.0,1.7,0.7,2.4,0.232,markieff morris,29.5,True
14,14,Career,Kansas,16.0,16.0,469.0,0.654,0.631,0.167,0.578,275.0,11.5,21.8,16.8,12.1,1.8,2.5,12.9,27.8,2.4,0.6,3.0,0.257,marcus morris,31.1,True
15,15,Career,San Diego State,16.0,16.0,526.0,0.472,0.407,0.129,0.41,254.0,13.7,29.2,21.6,17.1,2.8,1.9,13.5,28.4,1.3,1.4,2.7,0.204,kawhi leonard,24.8,False
17,17,Career,Georgia Tech,16.0,16.0,531.0,0.523,0.473,0.35,0.387,299.0,7.2,17.0,11.6,26.0,4.9,0.4,12.2,30.2,1.8,0.8,2.6,0.195,iman shumpert,26.9,False
18,18,Career,Florida State,11.0,11.0,330.0,0.522,0.5,0.355,0.364,117.0,3.9,16.7,10.5,5.2,3.1,3.9,12.5,21.8,0.5,0.6,1.1,0.131,chris singleton,17.1,False
19,19,Career,Tennessee,16.0,16.0,480.0,0.519,0.474,0.191,0.351,218.0,8.7,25.1,16.6,10.0,1.4,3.2,11.4,27.5,1.2,0.8,2.0,0.169,tobias harris,22.9,False
21,21,Career,Duke,16.0,16.0,584.0,0.554,0.493,0.281,0.336,375.0,3.9,10.2,7.2,31.5,2.3,0.1,12.6,32.9,2.6,1.0,3.6,0.246,nolan smith,27.7,False
24,24,Career,Boston College,16.0,14.0,533.0,0.6,0.55,0.399,0.332,287.0,3.9,11.5,7.7,30.9,1.7,1.7,13.3,28.1,2.4,0.1,2.5,0.191,reggie jackson,26.7,False
25,25,Career,Providence,18.0,17.0,696.0,0.571,0.525,0.331,0.404,432.0,5.7,12.4,8.8,15.9,1.7,2.6,12.2,31.4,2.8,0.0,2.7,0.158,marshon brooks,27.0,False
27,27,Career,Purdue,18.0,18.0,654.0,0.568,0.498,0.095,0.412,335.0,8.1,22.2,15.0,5.4,1.6,6.9,9.4,29.4,2.4,1.1,3.5,0.214,jajuan johnson,28.6,False
29,29,Career,Texas,16.0,16.0,523.0,0.533,0.515,0.407,0.207,160.0,2.9,9.8,6.5,17.1,1.8,0.9,12.9,16.6,1.1,1.0,2.1,0.157,cory joseph,15.2,False
30,30,Career,Marquette,18.0,16.0,658.0,0.597,0.518,0.146,0.667,296.0,9.3,12.5,10.9,12.3,2.3,1.1,9.6,21.9,2.7,0.3,3.0,0.185,jimmy butler,24.7,False
32,32,Career,Richmond,16.0,16.0,540.0,0.684,0.652,0.382,0.309,266.0,5.7,21.2,13.8,7.4,1.3,5.1,12.5,27.7,2.4,0.8,3.2,0.238,justin harper,31.3,False
33,33,Career,Duke,16.0,16.0,581.0,0.487,0.446,0.385,0.264,252.0,9.1,15.1,12.3,9.7,1.0,0.6,11.3,25.0,1.2,0.9,2.2,0.149,kyle singler,17.2,False
34,34,Career,Butler,18.0,17.0,593.0,0.531,0.475,0.489,0.317,275.0,2.3,15.7,9.1,23.8,1.1,0.2,15.6,27.4,1.6,0.5,2.0,0.137,shelvin mack,19.0,False
35,35,Career,UCLA,18.0,18.0,644.0,0.486,0.453,0.453,0.265,205.0,5.3,19.9,13.2,17.4,1.1,5.8,20.6,21.2,0.4,1.1,1.5,0.095,tyler honeycutt,14.9,False
36,36,Career,Maryland,16.0,16.0,544.0,0.557,0.513,0.0,0.576,253.0,12.0,28.8,20.4,4.2,1.5,3.9,10.7,24.5,1.6,0.7,2.3,0.172,jordan williams,24.7,False
37,37,Career,Georgia,16.0,16.0,504.0,0.485,0.446,0.212,0.33,219.0,6.6,23.9,16.0,10.2,2.1,5.8,13.7,29.6,0.6,0.9,1.5,0.121,trey thompkins,20.2,False
38,38,Career,Florida,15.0,14.0,534.0,0.58,0.576,0.393,0.31,206.0,8.5,24.4,16.3,20.5,1.6,1.0,14.4,19.4,1.7,0.8,2.5,0.185,chandler parsons,22.6,False
40,40,Career,Wisconsin,18.0,18.0,620.0,0.553,0.506,0.261,0.265,303.0,6.7,25.8,15.5,10.7,0.8,1.3,8.3,32.3,2.5,0.2,2.7,0.173,jon leuer,27.5,False
41,41,Career,Michigan,18.0,17.0,635.0,0.522,0.483,0.133,0.419,318.0,4.6,11.7,8.3,41.8,1.0,0.0,18.7,29.3,1.7,0.0,1.8,0.112,darius morris,20.1,False
43,43,Career,UCLA,18.0,18.0,639.0,0.562,0.495,0.446,0.429,231.0,2.2,6.4,4.5,13.4,1.0,0.7,12.3,21.0,1.6,0.6,2.2,0.137,malcolm lee,15.2,False
44,44,Career,Hofstra,18.0,18.0,671.0,0.621,0.568,0.361,0.45,411.0,2.0,9.4,5.8,33.5,2.6,1.8,10.3,30.5,3.7,0.4,4.1,0.242,charles jenkins,31.9,False
45,45,Career,Kentucky,16.0,16.0,461.0,0.517,0.519,0.074,0.235,117.0,15.1,20.6,17.9,5.9,2.2,5.8,10.9,11.3,0.9,0.8,1.8,0.154,josh harrellson,18.4,False
46,46,Career,College of Charleston,18.0,18.0,630.0,0.58,0.557,0.438,0.195,411.0,1.5,10.3,6.1,29.0,1.5,0.3,12.5,33.9,3.1,0.4,3.5,0.222,andrew goudelock,28.4,False
47,47,Career,Georgia,16.0,16.0,528.0,0.585,0.541,0.111,0.398,248.0,12.1,13.2,12.7,24.1,1.7,1.2,16.4,24.2,1.8,0.6,2.4,0.18,travis leslie,23.6,False
48,48,Career,Oakland,18.0,18.0,575.0,0.598,0.579,0.056,0.647,305.0,10.1,26.7,19.2,4.0,1.6,11.8,9.4,25.3,2.3,1.1,3.4,0.235,keith benson,31.2,False
49,49,Career,Kansas,13.0,7.0,270.0,0.461,0.451,0.441,0.176,105.0,3.5,7.9,5.8,18.5,2.7,0.4,20.2,25.4,0.1,0.3,0.4,0.054,josh selby,11.0,False
50,50,Career,Temple,15.0,15.0,495.0,0.537,0.507,0.021,0.364,186.0,11.7,23.5,17.5,12.8,1.2,5.1,14.7,20.7,1.1,0.9,2.1,0.167,lavoy allen,21.1,False
51,51,Career,Ohio State,18.0,18.0,679.0,0.754,0.734,0.82,0.328,201.0,1.8,8.9,5.4,11.6,1.6,0.2,9.2,13.3,2.5,0.4,3.0,0.175,jon diebler,19.3,False
52,52,Career,Florida,16.0,15.0,421.0,0.569,0.579,0.0,0.316,182.0,10.8,16.8,13.7,7.8,1.2,2.0,13.4,25.5,1.1,0.5,1.6,0.155,vernon macklin,22.1,False
53,53,Career,Kentucky,16.0,11.0,477.0,0.507,0.491,0.296,0.296,124.0,1.9,12.4,7.2,11.2,2.1,1.7,12.1,15.2,0.6,0.6,1.2,0.103,deandre liggins,12.6,False
60,60,Career,Washington,18.0,18.0,589.0,0.569,0.512,0.46,0.526,333.0,2.5,10.8,6.6,37.4,2.1,0.2,18.4,26.3,2.2,0.6,2.8,0.189,isaiah thomas,22.4,False
3,3,Career,Florida,16.0,16.0,553.0,0.577,0.503,0.44,0.535,223.0,5.0,22.9,14.0,11.8,2.5,3.1,13.5,23.1,1.7,0.7,2.4,0.176,bradley beal,22.7,True
4,4,Career,Syracuse,35.0,0.0,727.0,0.485,0.449,0.371,0.303,289.0,3.6,9.9,6.9,19.1,4.2,1.5,11.7,24.7,1.4,1.2,2.5,0.14,dion waiters,18.9,True
6,6,Career,Weber State,17.0,16.0,560.0,,,0.453,0.551,371.0,0.8,14.5,8.2,25.9,2.6,1.0,10.2,32.6,3.5,0.7,4.1,0.296,damian lillard,33.7,True
7,7,Career,UNC,32.0,30.0,937.0,0.522,0.484,0.324,0.306,477.0,7.8,12.8,10.4,6.8,1.6,1.4,10.5,28.6,2.7,1.4,4.1,0.175,harrison barnes,21.2,True
8,8,Career,Washington,35.0,18.0,873.0,0.531,0.515,0.465,0.175,374.0,5.7,18.2,11.9,8.9,2.5,2.6,11.9,24.4,2.0,1.5,3.5,0.16,terrence ross,20.0,True
9,9,Career,UConn,18.0,18.0,552.0,0.48,0.503,0.011,0.263,186.0,15.5,20.3,18.0,4.5,1.7,8.9,14.0,21.9,0.6,0.8,1.4,0.099,andre drummond,20.3,True
10,10,Career,Duke,16.0,15.0,569.0,0.542,0.526,0.446,0.409,230.0,1.9,10.7,6.4,12.0,1.7,0.0,13.8,23.9,1.2,0.4,1.6,0.115,austin rivers,16.8,True
11,11,Career,Illinois,36.0,18.0,749.0,0.575,0.531,0.041,0.454,266.0,9.0,23.3,16.0,7.5,0.6,5.2,20.3,21.8,1.2,0.6,1.8,0.099,meyers leonard,17.4,True
12,12,Career,UConn,36.0,35.0,1192.0,0.554,0.525,0.437,0.206,446.0,4.8,12.7,8.9,11.9,1.6,1.3,10.9,21.9,3.1,0.9,3.9,0.133,jeremy lamb,19.1,True
13,13,Career,UNC,32.0,28.0,1018.0,0.551,0.495,0.294,0.451,358.0,0.6,6.9,3.8,41.5,2.2,0.3,26.7,15.5,2.0,1.4,3.4,0.134,kendall marshall,16.6,True
14,14,Career,UNC,32.0,30.0,958.0,0.494,0.482,0.011,0.333,393.0,10.6,28.4,19.7,7.5,1.2,10.5,10.3,22.7,1.9,2.4,4.4,0.183,john henson,24.1,True
16,16,Career,Iowa State,18.0,18.0,576.0,0.501,0.522,0.062,0.624,287.0,9.4,27.3,18.4,41.1,2.1,2.3,24.3,27.5,1.0,1.0,2.0,0.136,royce white,21.2,False
17,17,Career,UNC,32.0,30.0,906.0,0.629,0.574,0.0,0.565,480.0,14.1,17.8,15.9,3.2,1.6,5.1,11.4,24.4,4.1,1.8,5.9,0.26,tyler zeller,29.8,False
18,18,Career,Kentucky,32.0,28.0,982.0,0.547,0.504,0.134,0.508,487.0,12.6,20.6,16.7,9.8,2.4,6.3,11.7,27.1,3.6,1.9,5.5,0.224,terrence jones,28.3,False
19,19,Career,St. Bonaventure,32.0,32.0,988.0,0.645,0.621,0.087,0.444,556.0,10.5,22.4,16.8,10.7,1.5,5.6,14.3,31.4,4.5,1.2,5.7,0.231,andrew nicholson,32.5,False
21,21,Career,Ohio State,36.0,36.0,1189.0,0.578,0.535,0.061,0.539,605.0,14.1,25.6,19.9,7.9,1.9,2.2,12.1,27.5,4.8,2.0,6.8,0.23,jared sullinger,27.5,False
22,22,Career,Syracuse,31.0,26.0,517.0,0.635,0.614,0.0,0.281,154.0,10.6,17.5,14.2,3.7,1.3,13.4,21.8,16.8,0.9,1.0,1.9,0.148,fab melo,20.5,False
23,23,Career,Vanderbilt,32.0,32.0,1119.0,0.686,0.637,0.629,0.407,544.0,2.1,8.8,5.7,9.5,1.5,0.8,11.1,25.1,5.5,0.5,6.0,0.216,john jenkins,26.4,False
25,25,Career,Washington,18.0,18.0,578.0,0.477,0.439,0.127,0.574,305.0,9.1,10.5,9.8,24.6,3.9,1.2,16.8,30.3,1.1,1.0,2.1,0.143,tony wroten,21.5,False
26,26,Career,Duke,32.0,13.0,625.0,0.53,0.517,0.0,0.475,189.0,17.4,22.1,19.8,5.1,1.6,2.3,19.2,14.7,1.2,1.1,2.2,0.142,miles plumlee,16.8,False
27,27,Career,Mississippi State,16.0,16.0,586.0,0.607,0.574,0.048,0.476,242.0,11.8,25.2,18.5,6.4,1.5,2.5,17.3,23.4,1.7,0.4,2.1,0.142,arnett moultrie,23.8,False
28,28,Career,Baylor,34.0,33.0,1129.0,0.557,0.516,0.052,0.392,466.0,11.8,18.3,15.2,7.8,1.3,2.2,15.1,23.5,2.9,0.9,3.8,0.134,perry jones,20.3,False
29,29,Career,Kentucky,16.0,16.0,538.0,0.489,0.447,0.242,0.311,176.0,1.4,9.0,5.5,25.4,1.3,0.6,20.9,19.5,0.9,0.5,1.4,0.104,marquis teague,13.0,False
31,31,Career,Vanderbilt,32.0,32.0,775.0,0.575,0.534,0.0,0.828,357.0,14.0,16.7,15.5,2.1,1.0,10.8,17.8,27.1,2.0,1.0,2.9,0.151,jeff taylor,23.9,False
31,31,Career,Vanderbilt,32.0,32.0,775.0,0.575,0.534,0.0,0.828,357.0,14.0,16.7,15.5,2.1,1.0,10.8,17.8,27.1,2.0,1.0,2.9,0.151,jeff taylor,23.9,False
34,34,Career,Marquette,36.0,32.0,1180.0,0.591,0.563,0.397,0.4,510.0,7.7,22.4,15.2,13.3,3.7,3.2,7.4,21.5,4.5,1.9,6.4,0.217,jae crowder,26.8,False
35,35,Career,Michigan State,36.0,35.0,1185.0,0.548,0.507,0.298,0.395,544.0,9.0,28.3,19.1,26.6,3.1,2.8,16.4,26.5,3.6,2.3,5.9,0.2,draymond green,25.8,False
37,37,Career,Baylor,34.0,22.0,1027.0,0.601,0.558,0.016,0.562,373.0,12.1,18.8,15.6,6.8,2.0,6.0,18.2,19.5,2.5,1.2,3.8,0.146,quincy acy,20.9,False
38,38,Career,Baylor,18.0,17.0,450.0,0.554,0.5,0.232,0.372,200.0,8.7,17.6,13.2,9.8,1.7,1.7,14.2,25.6,1.3,0.4,1.7,0.151,quincy miller,20.7,False
39,39,Career,Texas A&M,29.0,26.0,884.0,0.5,0.455,0.316,0.328,375.0,7.4,17.4,12.3,19.8,2.0,0.7,16.4,28.3,1.3,0.9,2.2,0.099,khris middleton,18.3,False
40,40,Career,Memphis,32.0,28.0,1051.0,0.574,0.549,0.297,0.281,483.0,5.3,19.9,13.0,19.9,2.6,2.1,15.8,25.7,2.9,2.0,4.9,0.187,will barton,23.4,False
41,41,Career,Kansas,32.0,30.0,986.0,0.57,0.541,0.334,0.365,445.0,1.4,7.3,4.5,26.7,2.2,0.5,18.9,24.8,2.6,1.1,3.7,0.149,tyshawn taylor,18.7,False
42,42,Career,Kentucky,32.0,20.0,967.0,0.611,0.571,0.457,0.316,344.0,1.5,7.0,4.4,10.3,1.4,0.2,10.7,19.0,3.1,0.8,3.9,0.163,doron lamb,17.6,False
44,44,Career,Missouri,34.0,31.0,1032.0,0.546,0.502,0.491,0.406,353.0,2.5,13.6,8.1,8.9,2.2,0.9,14.4,20.5,1.8,0.7,2.5,0.097,kim english,15.0,False
46,46,Career,Kentucky,32.0,20.0,914.0,0.6,0.574,0.468,0.197,324.0,3.9,9.2,6.6,8.8,1.6,2.3,13.0,19.6,2.6,1.0,3.6,0.156,darius miller,18.1,False
51,51,Career,Syracuse,35.0,35.0,1167.0,0.555,0.522,0.384,0.427,462.0,5.0,12.4,8.9,12.2,2.9,1.9,13.9,23.2,2.8,1.6,4.4,0.152,kris joseph,20.1,False
58,58,Career,Purdue,18.0,18.0,598.0,0.53,0.471,0.378,0.349,286.0,6.1,27.8,16.2,13.8,1.5,4.0,5.8,26.6,2.2,0.3,2.6,0.173,robbie hummel,26.0,False
59,59,Career,Missouri,34.0,34.0,1152.0,0.609,0.573,0.501,0.331,521.0,4.3,12.6,8.5,10.8,2.6,0.2,7.6,23.2,4.5,0.8,5.3,0.185,marcus denmon,23.9,False
60,60,Career,Gonzaga,30.0,30.0,764.0,0.615,0.526,0.0,0.833,352.0,10.8,19.8,15.6,7.4,1.1,7.8,14.9,23.4,2.8,1.5,4.3,0.226,robert sacre,25.2,False
1,1,Career,UNLV,16.0,13.0,391.0,0.541,0.529,0.24,0.331,173.0,12.2,23.3,18.0,7.1,1.2,4.8,16.4,28.4,0.6,0.7,1.3,0.138,anthony bennett,20.9,True
2,2,Career,Indiana,54.0,39.0,1363.0,0.595,0.547,0.205,0.485,580.0,10.7,16.6,13.8,12.9,3.1,2.6,17.1,22.5,4.3,1.4,5.7,0.166,victor oladipo,23.3,True
4,4,Career,Indiana,36.0,36.0,1069.0,0.63,0.573,0.0,0.652,560.0,11.9,19.2,15.8,9.4,2.1,4.2,14.0,26.5,5.0,1.3,6.3,0.236,cody zeller,29.4,True
5,5,Career,Maryland,34.0,23.0,852.0,0.524,0.495,0.018,0.436,283.0,11.4,21.1,16.4,7.0,0.7,7.6,18.3,19.0,1.1,1.2,2.3,0.11,alex len,17.5,True
6,6,Career,Kentucky,11.0,11.0,375.0,0.612,0.638,0.0,0.812,118.0,9.8,24.0,17.5,8.6,2.5,15.1,19.4,16.6,0.8,0.9,1.7,0.177,nerlens noel,26.7,True
7,7,Career,Kansas,18.0,17.0,608.0,0.655,0.613,0.431,0.368,280.0,5.5,12.9,9.5,13.3,2.0,2.4,14.0,23.6,2.5,1.0,3.5,0.229,ben mclemore,25.6,True
9,9,Career,Michigan,36.0,35.0,1335.0,0.561,0.515,0.353,0.359,684.0,2.3,10.0,6.3,32.6,2.5,1.3,12.4,28.4,5.5,1.2,6.6,0.199,trey burke,26.0,True
10,10,Career,Lehigh,28.0,28.0,994.0,0.54,0.479,0.311,0.371,630.0,6.9,22.1,14.3,20.8,4.0,2.5,9.9,34.2,4.2,1.9,6.1,0.244,cj mccollum,31.5,True
12,12,Career,Pitt,17.0,17.0,413.0,0.536,0.543,0.0,0.391,117.0,14.4,20.3,17.4,5.3,1.5,11.2,14.8,17.0,0.7,0.9,1.6,0.157,steven adams,20.7,True
13,13,Career,Gonzaga,30.0,16.0,583.0,0.685,0.67,0.118,0.571,337.0,12.9,23.1,18.4,15.0,1.7,5.3,15.7,29.0,3.3,1.3,4.5,0.311,kelly olynyk,35.6,True
14,14,Career,UCLA,18.0,17.0,576.0,0.511,0.473,0.256,0.37,290.0,9.2,10.2,9.7,5.7,1.7,0.5,7.5,29.3,1.5,0.6,2.0,0.142,shabazz muhammad,20.7,True
18,18,Career,Miami (FL),34.0,28.0,1044.0,0.541,0.504,0.483,0.332,365.0,2.2,10.4,6.4,23.8,3.2,0.4,18.1,19.2,2.2,1.6,3.8,0.146,shane larkin,17.6,False
20,20,Career,New Mexico,45.0,36.0,1201.0,0.552,0.518,0.584,0.245,390.0,2.1,10.7,6.5,18.2,1.1,1.8,16.1,19.3,2.1,1.5,3.6,0.119,tony snell,14.6,False
21,21,Career,Louisville,49.0,41.0,1434.0,0.557,0.526,0.0,0.474,452.0,12.1,22.3,17.3,9.8,2.6,10.0,18.5,17.4,2.7,3.6,6.3,0.175,gorgui dieng,22.1,False
22,22,Career,Duke,50.0,44.0,1505.0,0.559,0.536,0.0,0.62,590.0,11.5,25.4,18.6,10.9,1.7,4.7,18.0,20.3,3.6,2.9,6.4,0.17,mason plumlee,21.6,False
23,23,Career,Arizona,54.0,54.0,1644.0,0.587,0.554,0.339,0.417,620.0,7.9,16.9,12.4,14.3,1.8,1.3,18.7,20.6,3.8,2.1,5.9,0.145,solomon hill,18.1,False
26,26,Career,Colorado,50.0,33.0,1440.0,0.526,0.514,0.225,0.396,473.0,13.0,29.4,21.4,7.5,3.3,5.7,16.9,18.3,2.4,3.3,5.7,0.157,andre roberson,21.6,False
29,29,Career,Kentucky,18.0,18.0,577.0,0.463,0.426,0.194,0.561,234.0,6.8,8.7,7.8,13.6,2.2,1.0,18.4,27.7,0.3,0.5,0.8,0.052,archie goodwin,12.8,False
31,31,Career,California,52.0,52.0,1899.0,0.583,0.544,0.46,0.301,760.0,3.0,17.3,10.4,13.2,1.5,1.6,12.2,22.7,5.2,2.0,7.3,0.153,allen crabbe,20.4,False
33,33,Career,Arizona State,51.0,37.0,1504.0,0.521,0.495,0.413,0.315,498.0,6.7,16.0,11.4,10.0,2.2,2.3,15.5,21.5,1.9,1.2,3.1,0.083,carrick felix,15.8,False
38,38,Career,South Dakota State,52.0,52.0,1832.0,0.573,0.519,0.267,0.411,1181.0,3.6,15.2,9.5,34.9,2.7,0.6,10.3,31.3,10.4,1.7,12.1,0.264,nate wolters,31.7,False
39,39,Career,Kansas,47.0,35.0,1099.0,0.638,0.585,0.004,0.788,433.0,11.2,21.7,16.8,4.8,1.6,12.4,14.6,19.6,3.8,2.6,6.4,0.232,jeff withey,27.1,False
40,40,Career,Arizona,17.0,0.0,317.0,0.498,0.487,0.564,0.064,82.0,8.7,14.9,11.8,6.1,0.9,6.2,8.0,14.1,0.5,0.4,0.9,0.119,grant jerrett,14.3,False
41,41,Career,San Diego State,37.0,29.0,1062.0,0.549,0.472,0.388,0.541,537.0,7.1,27.8,17.7,14.6,1.9,2.5,17.2,30.1,2.9,2.1,4.9,0.186,jamaal franklin,24.2,False
42,42,Career,Baylor,36.0,31.0,1233.0,0.576,0.529,0.49,0.408,655.0,3.2,9.2,6.3,41.6,2.5,0.1,20.6,27.3,4.4,1.1,5.5,0.178,pierre jackson,22.7,False
44,44,Career,Bucknell,42.0,40.0,1245.0,0.593,0.527,0.041,0.523,733.0,12.0,29.7,21.4,16.6,0.9,8.6,10.2,31.3,6.4,3.3,9.7,0.311,mike muscala,35.0,False
46,46,Career,Virginia Tech,49.0,48.0,1753.0,0.539,0.489,0.28,0.376,859.0,2.0,10.0,5.9,20.9,2.3,0.8,8.0,27.5,6.3,0.7,7.0,0.159,erick green,23.8,False
49,49,Career,Florida,47.0,33.0,1009.0,0.623,0.606,0.534,0.148,371.0,6.2,18.2,12.5,8.6,1.7,3.1,14.0,21.2,2.9,1.8,4.8,0.19,erik murphy,20.5,False
51,51,Career,Oklahoma,37.0,37.0,1156.0,0.583,0.531,0.053,0.534,537.0,8.6,19.2,13.9,7.8,1.2,3.3,12.2,25.2,3.9,0.9,4.7,0.164,romero osby,23.7,False
52,52,Career,NC State,48.0,43.0,1567.0,0.494,0.445,0.229,0.371,624.0,2.7,12.6,7.7,34.1,2.6,1.5,21.8,22.4,2.3,1.1,3.4,0.086,lorenzo brown,16.9,False
56,56,Career,Louisville,54.0,54.0,1722.0,0.499,0.455,0.3,0.374,547.0,1.2,9.6,5.5,33.1,3.4,0.4,25.7,18.7,1.6,2.8,4.4,0.103,peyton siva,13.6,False
58,58,Career,Ohio State,54.0,36.0,1442.0,0.551,0.511,0.304,0.282,658.0,9.1,13.6,11.5,6.2,0.8,0.6,7.4,26.3,5.2,1.6,6.8,0.188,deshaun thomas,22.4,False
1,1,Career,Kansas,18.0,18.0,588.0,0.571,0.509,0.311,0.562,308.0,10.7,11.9,11.4,10.3,2.3,3.1,13.7,27.0,1.9,0.8,2.7,0.184,andrew wiggins,23.4,True
2,2,Career,Duke,18.0,18.0,547.0,0.542,0.487,0.225,0.504,303.0,14.2,24.7,19.2,6.3,2.1,4.5,12.6,31.9,1.8,1.0,2.7,0.2,jabari parker,28.7,True
3,3,Career,Kansas,15.0,15.0,363.0,0.642,0.603,0.031,0.804,171.0,12.7,29.4,21.7,10.8,1.9,11.4,24.3,24.1,0.9,0.8,1.7,0.187,joel embiid,26.9,True
4,4,Career,Arizona,18.0,18.0,562.0,0.481,0.484,0.092,0.486,216.0,9.8,19.5,14.6,11.7,1.6,1.8,8.4,23.1,0.9,1.4,2.3,0.165,aaron gordon,18.8,True
6,6,Career,Oklahoma State,33.0,32.0,1124.0,0.544,0.463,0.361,0.636,607.0,5.7,15.4,10.6,28.5,5.1,1.5,15.2,28.4,3.3,2.3,5.6,0.2,marcus smart,26.1,True
7,7,Career,Kentucky,18.0,18.0,563.0,0.558,0.494,0.042,0.661,243.0,13.0,25.2,19.1,8.2,1.4,2.9,16.6,23.1,1.3,1.0,2.4,0.169,julius randle,22.8,True
8,8,Career,Michigan,36.0,36.0,1203.0,0.62,0.577,0.526,0.369,460.0,2.1,9.3,5.8,14.6,1.0,0.9,13.1,21.1,3.6,0.6,4.2,0.14,nik stauskas,19.1,True
9,9,Career,Indiana,16.0,15.0,474.0,0.608,0.571,0.208,0.433,164.0,9.4,26.8,18.3,3.4,1.4,6.4,19.9,20.1,0.7,0.8,1.6,0.133,noah vonleh,20.0,True
10,10,Career,Louisiana,54.0,39.0,1747.0,0.546,0.521,0.091,0.64,882.0,5.6,13.0,9.3,34.6,3.5,1.7,20.1,25.6,4.1,2.3,6.5,0.148,elfrid payton,22.7,True
11,11,Career,Creighton,72.0,72.0,2344.0,0.65,0.617,0.271,0.343,1372.0,9.4,21.7,16.2,10.9,0.4,0.4,10.9,32.1,11.9,1.9,13.8,0.236,doug mcdermott,30.9,True
13,13,Career,UCLA,18.0,1.0,465.0,0.493,0.46,0.416,0.275,159.0,2.4,9.2,5.7,13.0,2.5,0.8,10.1,20.1,0.5,0.5,1.0,0.088,zach lavine,13.1,True
15,15,Career,Michigan State,66.0,42.0,1301.0,0.584,0.556,0.175,0.399,490.0,10.6,21.0,15.9,6.9,1.7,4.7,15.9,22.3,3.0,2.1,5.1,0.157,adreian payne,20.9,False
17,17,Career,Kentucky,18.0,17.0,601.0,0.531,0.498,0.531,0.38,245.0,3.5,10.5,7.0,12.1,1.6,0.5,11.6,23.7,1.4,0.7,2.1,0.138,james young,17.0,False
18,18,Career,Syracuse,18.0,18.0,684.0,0.505,0.457,0.228,0.34,251.0,2.4,8.3,5.3,33.6,3.0,0.6,14.6,22.4,1.5,0.9,2.4,0.139,tyler ennis,19.5,False
19,19,Career,Michigan State,36.0,36.0,1190.0,0.579,0.546,0.488,0.295,501.0,3.4,9.5,6.5,14.2,3.7,1.0,10.8,24.4,3.5,1.6,5.2,0.174,gary harris,22.0,False
21,21,Career,Michigan,18.0,2.0,349.0,0.531,0.542,0.0,0.208,122.0,15.4,18.8,17.1,5.6,3.4,4.7,14.6,19.4,0.7,0.5,1.3,0.146,mitch mcgary,21.1,False
22,22,Career,UCLA,35.0,35.0,1100.0,0.556,0.5,0.346,0.388,489.0,4.7,11.8,8.3,11.9,4.7,0.6,9.4,23.8,2.9,1.9,4.8,0.174,jordan adams,22.5,False
24,24,Career,UConn,70.0,48.0,2301.0,0.551,0.488,0.508,0.428,1007.0,2.9,11.9,7.6,30.7,3.0,0.6,16.4,24.1,6.2,2.8,9.1,0.158,shabazz napier,20.9,False
29,29,Career,Stanford,70.0,41.0,1788.0,0.51,0.482,0.239,0.325,571.0,11.1,20.7,15.8,6.0,1.2,5.0,10.2,17.3,3.3,2.6,5.9,0.132,josh huestis,18.0,False
34,34,Career,Wichita State,36.0,30.0,950.0,0.619,0.559,0.469,0.531,478.0,6.8,17.6,12.4,5.7,2.0,3.6,13.5,28.9,3.7,1.9,5.6,0.234,cleanthony early,26.4,False
35,35,Career,Tennessee,49.0,46.0,1464.0,0.558,0.539,0.005,0.597,644.0,17.0,24.8,21.0,12.7,1.6,4.2,16.8,24.3,4.0,2.8,6.8,0.186,jarnell stokes,25.7,False
37,37,Career,UConn,50.0,39.0,1138.0,0.515,0.483,0.275,0.262,427.0,8.1,17.0,12.8,4.8,1.5,5.2,12.5,24.4,1.6,1.7,3.3,0.117,deandre daniels,17.9,False
38,38,Career,Colorado,40.0,40.0,1232.0,0.56,0.466,0.418,0.619,510.0,1.5,10.8,6.3,19.7,2.4,1.0,13.3,22.7,3.6,1.7,5.3,0.172,spencer dinwiddie,19.9,False
39,39,Career,Syracuse,35.0,25.0,913.0,0.498,0.442,0.019,0.583,277.0,9.3,16.6,12.9,6.9,1.7,2.6,9.5,18.6,1.8,1.3,3.1,0.136,jerami grant,17.8,False
42,42,Career,Arizona,54.0,53.0,1694.0,0.498,0.456,0.366,0.392,636.0,3.0,12.7,7.8,18.7,2.5,1.9,13.3,22.9,2.7,3.0,5.8,0.136,nick johnson,16.5,False
44,44,Career,Oklahoma State,70.0,59.0,2358.0,0.556,0.504,0.36,0.492,950.0,3.0,14.4,8.8,17.5,1.7,3.0,14.6,22.6,5.0,2.2,7.2,0.122,markel brown,18.6,False
45,45,Career,Stanford,72.0,60.0,1944.0,0.511,0.449,0.102,0.523,800.0,8.3,23.4,15.6,13.7,1.9,3.5,15.8,24.0,3.3,3.0,6.3,0.129,dwight powell,19.0,False
47,47,Career,Louisville,63.0,38.0,1539.0,0.522,0.461,0.343,0.433,826.0,4.3,10.6,7.5,25.7,4.4,0.3,15.2,31.5,4.0,3.4,7.4,0.192,russ smith,22.6,False
48,48,Career,Pitt,70.0,54.0,1835.0,0.549,0.513,0.412,0.391,723.0,6.4,14.6,10.5,24.4,2.7,1.1,17.5,23.5,4.2,2.4,6.6,0.143,lamar patterson,19.5,False
49,49,Career,New Mexico,60.0,31.0,1334.0,0.573,0.536,0.01,0.61,567.0,9.6,16.5,13.3,9.2,1.0,4.0,12.0,24.3,3.7,2.3,5.9,0.178,cameron bairstow,21.5,False
50,50,Career,Green Bay,67.0,66.0,2076.0,0.561,0.511,0.153,0.434,876.0,9.8,16.7,13.3,6.6,1.2,9.6,13.8,24.8,5.2,3.2,8.4,0.162,alec brown,22.8,False
55,55,Career,Xavier,35.0,34.0,1242.0,0.553,0.502,0.095,0.519,607.0,1.2,9.6,5.6,29.4,2.5,0.6,16.9,28.6,3.0,1.2,4.3,0.137,semaj christon,20.6,False
58,58,Career,Tennessee,53.0,36.0,1630.0,,,0.433,0.41,750.0,3.7,13.1,8.6,16.2,1.2,2.7,14.6,27.9,4.6,2.0,6.6,0.162,jordan mcrae,20.4,False
59,59,Career,San Diego State,44.0,39.0,1380.0,0.52,0.432,0.308,0.488,549.0,1.8,9.8,5.8,19.2,2.3,0.8,11.6,23.0,3.3,2.1,5.3,0.155,xavier thames,18.4,False
60,60,Career,Baylor,54.0,36.0,1159.0,0.551,0.521,0.065,0.503,452.0,11.2,21.9,16.5,5.0,1.0,6.5,8.9,21.1,3.3,1.6,4.9,0.168,cory jefferson,23.0,False
3,3,Career,Duke,17.0,17.0,540.0,0.635,0.652,0.0,0.567,276.0,15.7,18.7,17.3,9.4,1.3,3.8,17.2,25.9,1.9,0.8,2.7,0.199,jahlil okafor,28.7,True
8,8,Career,Arizona,18.0,17.0,504.0,0.532,0.468,0.253,0.416,241.0,9.2,19.0,14.2,12.7,2.7,1.6,13.0,26.4,1.4,1.4,2.8,0.224,stanley johnson,22.6,True
9,9,Career,Wisconsin,67.0,35.0,1305.0,0.609,0.561,0.267,0.461,627.0,8.4,22.1,15.4,17.0,1.3,4.5,9.6,25.7,5.9,2.3,8.1,0.25,frank kaminsky,30.1,True
10,10,Career,Duke,18.0,18.0,560.0,0.57,0.559,0.299,0.39,226.0,5.4,19.0,12.5,12.5,2.8,2.8,13.9,22.3,1.4,0.9,2.3,0.167,justise winslow,21.6,True
11,11,Career,Texas,18.0,6.0,438.0,0.508,0.446,0.257,0.399,159.0,6.1,24.0,15.5,2.7,0.6,12.5,13.3,25.0,0.5,0.9,1.4,0.13,myles turner,20.9,True
12,12,Career,Kentucky,15.0,10.0,349.0,0.567,0.536,0.071,0.378,125.0,9.2,13.9,11.6,7.4,1.1,1.9,10.1,19.8,0.9,0.8,1.7,0.194,trey lyles,19.6,True
14,14,Career,Murray State,32.0,32.0,1085.0,0.566,0.522,0.422,0.354,645.0,1.6,10.8,6.3,34.4,2.8,1.7,13.8,30.2,4.3,1.6,6.0,0.22,cameron payne,26.5,True
16,16,Career,Louisville,36.0,23.0,1037.0,0.503,0.462,0.337,0.269,455.0,4.0,12.6,8.3,19.1,3.5,0.2,9.6,25.8,2.3,2.0,4.3,0.166,terry rozier,20.7,False
17,17,Career,UNLV,11.0,11.0,368.0,0.588,0.556,0.51,0.278,169.0,1.0,15.8,8.8,13.2,2.2,1.1,10.5,28.8,1.0,0.5,1.5,0.16,rashad vaughn,23.3,False
18,18,Career,Wisconsin,54.0,36.0,1546.0,0.578,0.553,0.425,0.316,598.0,7.3,16.1,11.8,9.5,1.5,2.1,7.8,22.2,5.0,2.3,7.3,0.19,sam dekker,23.3,False
19,19,Career,Notre Dame,54.0,54.0,2068.0,0.529,0.471,0.424,0.45,851.0,1.5,7.4,4.5,33.7,2.4,0.8,16.2,24.0,5.3,1.6,6.9,0.133,jerian grant,19.2,False
20,20,Career,Utah,36.0,36.0,1296.0,0.612,0.527,0.215,0.63,611.0,5.0,13.8,9.7,30.6,4.0,3.6,15.5,23.1,5.1,2.9,8.0,0.246,delon wright,27.9,False
21,21,Career,Virginia,46.0,20.0,1156.0,0.523,0.474,0.399,0.371,390.0,4.0,13.1,8.6,15.7,1.6,4.4,12.5,21.7,2.2,2.4,4.7,0.162,justin anderson,17.9,False
22,22,Career,Arkansas,36.0,36.0,1090.0,0.577,0.541,0.068,0.337,521.0,11.5,18.2,14.8,9.5,2.1,6.4,10.3,23.8,3.4,1.7,5.1,0.187,bobby portis,26.8,False
24,24,Career,Duke,18.0,18.0,633.0,0.555,0.478,0.366,0.429,251.0,2.1,9.8,6.1,28.4,2.3,0.3,17.5,19.0,1.8,0.6,2.5,0.156,tyus jones,18.8,False
25,25,Career,LSU,36.0,30.0,1140.0,0.567,0.534,0.198,0.458,467.0,9.3,14.8,12.2,7.5,2.0,2.4,15.7,22.4,2.2,1.6,3.9,0.135,jarell martin,19.5,False
29,29,Career,Syracuse,3.0,3.0,50.0,0.325,0.273,0.0,0.545,10.0,6.5,20.9,13.5,3.9,2.4,9.2,17.8,17.5,-0.1,0.1,0.0,0.005,chris mccullough,8.5,False
30,30,Career,UCLA,18.0,18.0,569.0,0.561,0.543,0.172,0.368,210.0,10.9,22.6,16.6,8.2,2.6,2.1,10.3,19.8,1.5,1.0,2.5,0.176,kevon looney,22.6,False
32,32,Career,Louisville,54.0,38.0,1499.0,0.566,0.576,0.038,0.419,608.0,11.3,18.6,14.9,7.4,1.9,4.7,11.7,22.1,3.7,3.3,7.0,0.186,montrezl harrell,23.7,False
33,33,Career,LSU,35.0,35.0,1222.0,0.539,0.505,0.011,0.463,460.0,8.3,18.0,13.3,5.0,1.3,9.1,17.1,22.2,1.4,2.1,3.5,0.113,jordan mickey,19.8,False
36,36,Career,Syracuse,72.0,72.0,1713.0,0.556,0.517,0.002,0.431,530.0,9.5,18.5,13.9,6.8,1.4,9.9,15.7,18.0,2.9,2.9,5.8,0.136,rakeem christmas,19.5,False
38,38,Career,Villanova,70.0,56.0,1823.0,0.589,0.542,0.526,0.424,753.0,2.1,10.7,6.6,15.6,2.8,1.5,13.2,23.7,5.0,2.6,7.5,0.165,darrun hilliard,20.0,False
41,41,Career,Notre Dame,72.0,66.0,2362.0,0.548,0.524,0.622,0.177,678.0,4.0,19.2,11.7,11.7,1.1,1.4,9.7,17.2,4.7,1.9,6.6,0.112,pat connaughton,16.3,False
42,42,Career,Boston College,54.0,53.0,1971.0,0.594,0.547,0.386,0.411,952.0,2.2,11.2,6.8,22.7,1.6,0.1,11.8,28.1,6.9,0.0,6.9,0.139,olivier hanlan,23.0,False
44,44,Career,Kentucky,36.0,35.0,1065.0,0.51,0.421,0.32,0.57,394.0,2.6,8.5,5.6,23.9,1.6,0.6,16.6,21.1,2.0,1.6,3.6,0.136,andrew harrison,14.9,False
46,46,Career,UCLA,72.0,38.0,1785.0,0.535,0.506,0.309,0.265,595.0,2.2,12.0,7.1,11.1,2.3,1.5,13.2,20.4,2.4,2.2,4.7,0.105,norman powell,15.1,False
48,48,Career,Kentucky,36.0,9.0,549.0,0.548,0.514,0.0,0.694,214.0,14.9,17.5,16.3,5.7,0.9,5.2,13.2,21.0,1.4,1.1,2.5,0.181,dakari johnson,21.1,False
51,51,Career,Eastern Washington,50.0,38.0,1574.0,0.614,0.556,0.546,0.418,860.0,2.3,10.8,6.6,17.8,2.0,0.5,10.3,27.7,6.5,0.9,7.3,0.187,tyler harvey,25.3,False
55,55,Career,UMass,50.0,39.0,1365.0,0.603,0.582,0.015,0.537,486.0,13.5,22.1,17.8,2.5,1.2,6.4,17.7,18.8,2.7,2.1,4.8,0.141,cady lalanne,20.7,False
56,56,Career,Michigan State,63.0,59.0,1673.0,0.57,0.565,0.009,0.334,597.0,12.5,19.5,16.0,8.4,2.9,5.6,15.7,20.7,3.6,3.2,6.9,0.164,branden dawson,23.3,False
1,1,Career,LSU,18.0,17.0,647.0,0.594,0.549,0.005,0.906,381.0,8.6,26.4,17.5,26.9,3.0,1.5,18.5,27.9,2.0,0.9,2.9,0.179,ben simmons,27.6,True
2,2,Career,Duke,18.0,18.0,670.0,0.548,0.512,0.433,0.328,301.0,5.6,17.1,11.5,12.8,1.3,3.6,14.1,25.9,1.4,0.7,2.1,0.123,brandon ingram,20.4,True
3,3,Career,California,18.0,18.0,526.0,0.545,0.507,0.267,0.578,272.0,4.0,16.6,10.6,17.1,1.5,2.7,16.5,30.2,0.9,1.0,1.9,0.141,jaylen brown,20.3,True
5,5,Career,Providence,54.0,49.0,1757.0,0.53,0.486,0.245,0.503,751.0,4.0,15.0,9.3,37.3,3.9,1.2,21.8,23.8,2.5,2.7,5.2,0.119,kris dunn,19.2,True
6,6,Career,Oklahoma,68.0,65.0,2259.0,0.594,0.561,0.532,0.238,1104.0,5.2,12.0,8.7,14.2,2.4,0.8,13.6,26.3,6.5,2.8,9.2,0.163,buddy hield,22.4,True
7,7,Career,Kentucky,18.0,18.0,646.0,0.621,0.592,0.524,0.271,349.0,5.0,11.5,8.4,10.2,1.7,0.9,8.7,27.6,2.9,0.9,3.8,0.233,jamal murray,27.1,True
8,8,Career,Washington,18.0,18.0,467.0,0.581,0.563,0.2,0.337,222.0,10.2,11.6,10.9,6.7,1.6,6.2,14.3,22.8,1.0,0.4,1.4,0.122,marquese chriss,20.6,True
9,9,Career,Utah,35.0,35.0,946.0,0.651,0.651,0.0,0.628,422.0,12.2,19.7,16.2,11.1,1.2,5.0,14.3,22.5,3.3,2.0,5.3,0.226,jakob poeltl,26.8,True
11,11,Career,Gonzaga,36.0,18.0,1003.0,0.631,0.599,0.028,0.599,469.0,11.0,28.5,20.7,11.4,1.0,2.1,16.1,23.2,3.4,2.3,5.8,0.229,domantas sabonis,25.6,True
12,12,Career,Baylor,62.0,20.0,1361.0,0.556,0.528,0.375,0.306,622.0,8.5,15.5,12.0,11.4,2.8,2.8,15.2,27.9,3.2,1.5,4.7,0.139,taurean prince,22.1,True
14,14,Career,Michigan State,69.0,55.0,2033.0,0.565,0.542,0.489,0.205,862.0,5.1,19.0,12.3,29.8,1.7,0.9,16.5,22.4,5.6,2.9,8.5,0.167,denzel valentine,20.7,True
17,17,Career,Vanderbilt,36.0,31.0,1140.0,0.55,0.469,0.363,0.614,502.0,2.4,12.7,7.9,34.2,2.6,1.0,18.1,22.5,2.8,1.6,4.4,0.155,wade baldwin,19.4,False
18,18,Career,Marquette,18.0,18.0,643.0,0.533,0.481,0.242,0.462,288.0,6.2,25.6,16.3,8.3,1.6,4.8,12.5,25.7,0.9,0.9,1.9,0.116,henry ellenson,20.0,False
19,19,Career,Florida State,18.0,18.0,561.0,0.566,0.526,0.374,0.284,251.0,4.8,14.2,9.5,10.6,1.5,0.2,14.0,24.4,1.2,0.3,1.6,0.112,malik beasley,18.1,False
20,20,Career,Michigan,44.0,25.0,1086.0,0.528,0.486,0.358,0.313,399.0,1.8,14.6,8.3,17.8,2.3,0.6,12.0,23.0,2.0,1.1,3.1,0.112,caris levert,17.3,False
22,22,Career,Syracuse,18.0,18.0,649.0,0.537,0.503,0.533,0.367,233.0,0.7,12.3,6.5,16.8,2.1,0.7,14.0,22.2,1.0,0.8,1.8,0.111,malachi richardson,15.2,False
25,25,Career,UNC,72.0,35.0,1519.0,0.573,0.55,0.0,0.347,726.0,12.4,24.8,18.7,8.3,2.0,5.1,11.8,24.9,4.5,3.0,7.5,0.197,brice johnson,26.9,False
27,27,Career,New Mexico State,28.0,28.0,969.0,0.606,0.575,0.016,0.435,444.0,14.4,20.7,17.8,11.2,1.9,6.5,12.3,23.4,3.6,3.0,6.6,0.273,pascal siakam,29.7,False
29,29,Career,Washington,18.0,18.0,645.0,0.489,0.456,0.223,0.314,302.0,3.4,13.0,8.0,22.7,2.8,0.7,16.0,25.2,0.5,0.6,1.1,0.071,dejounte murray,15.9,False
30,30,Career,Vanderbilt,54.0,53.0,1532.0,0.564,0.559,0.004,0.521,623.0,9.1,16.7,13.1,4.8,0.8,6.2,15.0,25.6,2.3,2.3,4.6,0.12,damian jones,20.0,False
31,31,Career,Michigan State,18.0,12.0,341.0,0.576,0.571,0.0,0.264,116.0,10.6,21.6,16.5,9.7,0.7,10.1,12.8,17.4,0.8,0.7,1.5,0.178,deyonta davis,21.6,False
33,33,Career,Kansas,17.0,1.0,109.0,0.504,0.524,0.0,0.381,26.0,11.3,28.0,20.3,0.0,2.7,13.9,24.4,15.4,0.0,0.3,0.3,0.115,cheick diallo,17.6,False
34,34,Career,Kentucky,36.0,18.0,1116.0,0.549,0.481,0.371,0.443,490.0,1.6,6.9,4.3,34.6,2.0,0.3,11.7,20.0,4.0,1.6,5.7,0.204,tyler ulis,20.7,False
36,36,Career,Virginia,68.0,55.0,2174.0,0.577,0.524,0.348,0.316,894.0,2.8,13.9,8.5,17.2,2.0,0.8,10.7,25.2,6.5,4.5,10.9,0.201,malcolm brogdon,22.1,False
37,37,Career,Louisville,36.0,31.0,847.0,0.614,0.619,0.0,0.292,249.0,11.3,21.9,16.5,10.7,1.9,7.4,25.4,15.8,1.1,1.8,2.9,0.137,chinanu onuaku,19.3,False
38,38,Career,UNLV,35.0,31.0,1162.0,0.578,0.547,0.579,0.275,447.0,3.0,10.7,6.9,22.3,3.2,1.1,14.0,19.6,2.6,1.6,4.2,0.145,patrick mccaw,19.5,False
40,40,Career,Maryland,17.0,10.0,420.0,0.609,0.556,0.0,0.563,218.0,12.7,15.0,13.9,4.5,1.6,8.5,12.4,27.2,1.5,0.8,2.2,0.214,diamond stone,29.5,False
42,42,Career,Seton Hall,28.0,25.0,890.0,0.53,0.478,0.458,0.357,481.0,2.3,9.3,5.8,33.0,2.4,3.9,18.3,30.4,1.6,1.2,2.8,0.126,isaiah whitehead,20.3,False
47,47,Career,Maryland,72.0,63.0,2107.0,0.546,0.515,0.49,0.262,653.0,4.6,13.9,9.5,6.6,1.8,3.1,14.4,18.8,2.7,3.2,5.9,0.112,jake layman,15.1,False
50,50,Career,Iowa State,72.0,72.0,2232.0,0.567,0.546,0.31,0.226,1096.0,4.2,13.5,9.1,19.6,0.9,1.4,14.9,27.1,5.0,1.5,6.5,0.117,georges niang,19.2,False
51,51,Career,Providence,36.0,35.0,1049.0,0.568,0.493,0.287,0.571,499.0,9.6,14.9,12.2,8.5,1.1,2.6,11.2,25.0,3.0,1.3,4.2,0.161,ben bentil,21.3,False
52,52,Career,Weber State,74.0,52.0,2159.0,0.594,0.534,0.099,0.777,887.0,15.8,28.1,22.4,4.9,1.0,4.7,16.1,20.9,6.1,4.2,10.3,0.191,joel bolomboy,23.4,False
55,55,Career,UNC,72.0,70.0,2404.0,0.533,0.49,0.544,0.259,887.0,1.4,9.1,5.2,23.2,2.6,1.0,14.9,19.5,5.0,2.8,7.8,0.13,marcus paige,16.8,False
56,56,Career,UConn,36.0,36.0,1114.0,0.452,0.413,0.38,0.234,438.0,5.1,28.1,17.1,29.8,1.9,1.5,17.7,25.9,0.7,2.7,3.5,0.124,daniel hamilton,17.4,False
59,59,Career,Oklahoma,73.0,59.0,1994.0,0.511,0.478,0.362,0.26,699.0,2.7,11.5,7.2,17.5,2.6,0.8,15.0,19.9,2.6,2.5,5.1,0.103,isaiah cousins,14.7,False
60,60,Career,California,67.0,63.0,2186.0,0.462,0.426,0.291,0.379,860.0,3.6,14.5,9.1,20.3,2.2,1.1,13.5,24.9,1.5,2.5,4.0,0.074,tyrone wallace,14.9,False
1,1,Career,Washington,13.0,13.0,485.0,0.539,0.514,0.317,0.365,307.0,3.2,13.3,7.9,34.7,2.1,2.7,13.3,33.2,1.4,0.1,1.5,0.126,markelle fultz,26.0,True
2,2,Career,UCLA,18.0,18.0,633.0,0.683,0.68,0.536,0.279,317.0,3.7,15.6,10.0,31.5,3.5,1.9,18.2,19.1,2.5,1.0,3.5,0.222,lonzo ball,27.2,True
3,3,Career,Duke,18.0,18.0,605.0,0.565,0.511,0.362,0.339,280.0,5.2,19.7,12.6,13.1,2.0,2.7,16.3,25.7,1.3,0.6,2.0,0.129,jayson tatum,20.6,True
6,6,Career,Florida State,18.0,18.0,459.0,0.615,0.557,0.321,0.5,203.0,7.7,24.9,16.2,7.8,2.3,6.8,11.3,20.4,1.5,0.9,2.4,0.206,jonathan isaac,26.2,True
7,7,Career,Arizona,18.0,18.0,527.0,0.624,0.576,0.429,0.39,238.0,10.3,20.6,15.7,3.8,0.8,1.3,9.1,22.8,2.0,0.8,2.8,0.212,lauri markkanen,23.8,True
10,10,Career,Gonzaga,18.0,0.0,324.0,0.678,0.629,0.089,0.723,169.0,11.4,28.2,21.0,1.6,2.1,10.8,12.3,24.0,1.4,1.3,2.7,0.331,zach collins,32.6,True
11,11,Career,Kentucky,18.0,17.0,615.0,0.596,0.539,0.448,0.407,341.0,0.9,7.4,4.2,14.0,1.9,1.3,11.6,27.8,2.0,0.9,2.9,0.192,malik monk,22.5,True
12,12,Career,Duke,36.0,22.0,1137.0,0.616,0.57,0.443,0.368,534.0,3.3,10.7,7.1,13.3,1.3,0.5,8.0,23.1,4.4,0.6,4.9,0.174,luke kennard,22.5,True
13,13,Career,Louisville,36.0,23.0,953.0,0.554,0.519,0.466,0.273,429.0,3.7,11.9,7.7,15.8,3.1,1.1,10.3,24.2,2.7,1.5,4.2,0.176,donovan mitchell,21.3,True
16,16,Career,Creighton,18.0,17.0,472.0,0.668,0.672,0.037,0.245,219.0,7.5,18.9,13.6,10.8,2.1,5.7,19.8,24.1,1.0,0.8,1.9,0.158,justin patton,24.4,False
19,19,Career,Wake Forest,36.0,19.0,739.0,0.635,0.599,0.0,0.572,440.0,14.3,20.4,17.3,5.1,1.3,5.6,11.9,28.3,3.1,0.5,3.6,0.195,john collins,30.7,False
20,20,Career,Duke,18.0,6.0,230.0,0.578,0.594,0.0,0.313,90.0,17.2,23.0,20.2,5.2,1.3,3.5,16.9,19.5,0.5,0.3,0.8,0.131,harry giles,20.1,False
22,22,Career,Texas,18.0,18.0,622.0,0.602,0.599,0.015,0.477,273.0,11.4,22.2,16.8,4.4,1.1,5.3,17.4,24.0,1.2,0.8,2.0,0.127,jarrett allen,23.2,False
23,23,Career,Indiana,24.0,3.0,434.0,0.57,0.563,0.277,0.378,158.0,9.6,14.2,11.9,8.6,3.8,4.7,14.6,19.1,0.9,0.7,1.6,0.15,og anunoby,21.1,False
24,24,Career,Syracuse,36.0,18.0,1216.0,0.618,0.571,0.417,0.321,415.0,6.9,18.5,12.8,9.3,2.0,4.4,14.3,17.5,3.0,1.4,4.3,0.142,tyler lydon,20.0,False
26,26,Career,Purdue,35.0,35.0,1008.0,0.577,0.527,0.219,0.423,492.0,8.8,31.8,20.9,14.8,0.6,1.6,18.2,27.3,2.1,1.8,3.9,0.155,caleb swanigan,21.4,False
27,27,Career,Utah,51.0,34.0,1107.0,0.549,0.535,0.216,0.321,510.0,10.0,20.8,15.7,13.9,1.1,1.6,14.7,25.6,2.4,1.9,4.2,0.153,kyle kuzma,20.9,False
28,28,Career,UNC,16.0,0.0,221.0,0.587,0.582,0.0,0.493,93.0,15.4,21.3,18.2,5.4,1.0,5.3,9.8,19.3,0.7,0.3,1.0,0.185,tony bradley,24.1,False
29,29,Career,Colorado,18.0,17.0,611.0,0.615,0.569,0.341,0.416,328.0,3.0,10.6,6.7,28.4,2.5,5.1,13.4,25.6,2.5,0.5,3.0,0.196,derrick white,27.6,False
30,30,Career,Villanova,72.0,37.0,1984.0,0.585,0.557,0.414,0.341,873.0,8.2,15.4,12.1,13.0,2.3,1.0,11.0,23.1,6.1,3.4,9.5,0.191,josh hart,21.8,False
32,32,Career,Miami (FL),72.0,54.0,2000.0,0.581,0.545,0.5,0.276,693.0,3.0,12.5,7.8,12.6,1.9,1.4,12.6,20.5,4.4,2.1,6.5,0.13,davon reed,17.8,False
35,35,Career,California,36.0,36.0,1126.0,0.571,0.53,0.056,0.606,467.0,11.1,23.6,17.5,9.0,1.3,3.1,13.6,21.7,2.8,2.3,5.1,0.182,ivan rabb,22.5,False
38,38,Career,Oregon,53.0,33.0,1299.0,0.631,0.636,0.022,0.341,439.0,10.0,19.7,15.0,12.5,2.7,7.9,17.6,15.6,3.1,2.5,5.7,0.174,jordan bell,22.9,False
39,39,Career,Oklahoma State,27.0,27.0,807.0,0.532,0.464,0.209,0.419,515.0,2.4,12.3,7.3,51.2,2.9,0.3,16.5,32.9,2.8,0.5,3.3,0.161,jawun evans,25.2,False
40,40,Career,Florida State,36.0,35.0,1061.0,0.497,0.468,0.333,0.287,520.0,4.4,14.4,9.4,11.3,1.5,0.3,12.7,29.7,1.3,0.9,2.2,0.083,dwayne bacon,16.6,False
41,41,Career,Oregon,36.0,36.0,1048.0,0.543,0.501,0.504,0.37,415.0,4.5,10.2,7.4,11.2,1.5,0.5,13.0,22.1,2.1,1.1,3.1,0.12,tyler dorsey,15.7,False
42,42,Career,Indiana,36.0,36.0,928.0,0.641,0.622,0.144,0.421,425.0,11.0,18.6,14.9,9.5,1.3,4.6,18.2,23.2,2.7,1.0,3.7,0.158,thomas bryant,23.7,False
45,45,Career,Oregon,53.0,51.0,1502.0,0.581,0.545,0.3,0.307,741.0,5.3,11.7,8.6,18.1,2.0,1.6,14.4,26.8,4.1,1.6,5.7,0.153,dillon brooks,21.6,False
47,47,Career,UCLA,17.0,0.0,211.0,0.557,0.554,0.0,0.277,82.0,14.8,20.8,18.0,0.7,0.8,7.5,14.0,19.4,0.4,0.3,0.7,0.133,ike anigbogu,18.2,False
48,48,Career,South Carolina,72.0,72.0,2428.0,0.511,0.438,0.33,0.485,1125.0,5.8,12.8,9.1,22.1,2.6,2.0,15.7,26.6,4.2,3.4,7.6,0.125,sindarius thornwell,18.6,False
51,51,Career,Iowa State,72.0,65.0,2605.0,0.565,0.527,0.286,0.289,1041.0,2.8,9.1,6.1,28.0,2.5,0.7,9.7,17.4,8.0,2.0,9.9,0.153,monte morris,20.1,False
52,52,Career,Xavier,24.0,19.0,638.0,0.552,0.473,0.252,0.653,301.0,1.6,13.2,7.4,28.4,2.8,1.8,15.4,23.6,1.6,0.7,2.3,0.145,edmond sumner,20.3,False
53,53,Career,Arizona,34.0,28.0,944.0,0.557,0.502,0.3,0.471,323.0,0.7,11.6,6.5,21.2,2.3,2.7,18.3,18.1,1.6,1.5,3.1,0.131,kadeem allen,16.0,False
54,54,Career,Valparaiso,66.0,66.0,2097.0,0.612,0.572,0.416,0.319,966.0,8.0,19.2,14.0,11.2,1.2,0.9,12.0,23.9,7.2,3.9,11.1,0.211,alec peters,23.8,False
56,56,Career,California,66.0,45.0,1763.0,0.52,0.503,0.503,0.162,592.0,3.2,9.9,6.6,8.7,1.2,1.1,11.6,20.9,2.0,1.9,3.9,0.088,jabari bird,13.4,False
59,59,Career,Clemson,72.0,70.0,2284.0,0.57,0.533,0.251,0.382,927.0,6.8,18.1,12.4,7.9,1.4,2.1,11.5,23.7,5.6,2.3,8.0,0.139,jaron blossomgame,21.7,False
1,1,Career,Arizona,18.0,18.0,623.0,0.658,0.624,0.04,0.465,344.0,14.0,26.5,20.7,9.5,0.8,7.0,12.1,25.8,2.9,1.0,3.8,0.247,deandre ayton,32.4,True
5,5,Career,Oklahoma,18.0,18.0,669.0,0.555,0.478,0.522,0.462,523.0,1.5,10.5,6.1,45.7,2.4,0.7,19.9,38.6,1.9,0.4,2.2,0.134,trae young,24.5,True
8,8,Career,Alabama,16.0,15.0,464.0,0.513,0.438,0.317,0.538,272.0,3.5,10.4,7.1,31.1,1.6,0.7,14.1,33.4,1.0,0.6,1.6,0.136,collin sexton,20.1,True
9,9,Career,Kentucky,18.0,18.0,566.0,0.552,0.495,0.385,0.415,242.0,3.1,14.2,8.8,7.0,1.5,0.4,11.9,24.3,1.2,0.6,1.8,0.128,kevin knox,17.4,True
10,10,Career,Villanova,54.0,36.0,1530.0,0.653,0.614,0.477,0.301,585.0,4.8,12.8,9.1,9.5,3.0,3.5,12.2,18.3,4.5,2.6,7.1,0.186,mikal bridges,21.4,True
12,12,Career,Michigan State,34.0,33.0,1085.0,0.593,0.555,0.422,0.289,505.0,3.7,20.4,12.8,15.6,1.3,3.8,13.4,26.6,2.8,1.8,4.6,0.17,miles bridges,22.9,True
16,16,Career,Texas Tech,18.0,14.0,572.0,0.613,0.576,0.138,0.524,218.0,9.2,9.9,9.6,10.4,2.1,3.9,12.1,18.5,1.6,0.8,2.4,0.169,zhaire smith,21.4,False
17,17,Career,Villanova,36.0,9.0,1063.0,0.581,0.557,0.517,0.276,431.0,4.1,11.5,8.1,16.6,2.2,0.7,14.8,20.4,2.5,1.2,3.7,0.14,donte divincenzo,17.8,False
19,19,Career,Maryland,36.0,36.0,1197.0,0.598,0.574,0.61,0.256,441.0,2.4,15.0,9.0,19.0,1.4,1.7,16.4,20.0,2.5,1.0,3.5,0.117,kevin huerter,17.4,False
20,20,Career,Georgia Tech,36.0,36.0,1261.0,0.563,0.498,0.254,0.529,601.0,6.4,14.0,10.3,14.7,2.6,2.8,14.3,27.2,2.7,1.8,4.5,0.142,josh okogie,22.0,False
21,21,Career,Duke,68.0,49.0,1969.0,0.578,0.523,0.564,0.41,927.0,2.0,9.8,6.0,21.1,2.3,0.2,14.5,24.5,5.7,1.9,7.7,0.156,grayson allen,19.9,False
22,22,Career,Boise State,69.0,52.0,1685.0,0.555,0.515,0.225,0.472,851.0,5.0,20.1,12.6,18.6,2.4,1.4,14.0,26.8,4.1,2.8,6.9,0.164,chandler hutchison,21.8,False
23,23,Career,UCLA,54.0,36.0,1725.0,0.594,0.545,0.4,0.377,823.0,1.9,8.6,5.4,26.4,1.8,0.6,20.1,23.8,4.0,1.2,5.2,0.12,aaron holiday,17.9,False
25,25,Career,Michigan,48.0,36.0,1071.0,0.63,0.608,0.401,0.303,442.0,6.7,20.5,13.6,4.2,2.2,2.2,12.6,23.8,2.8,1.5,4.4,0.163,moritz wagner,22.1,False
26,26,Career,Wichita State,35.0,35.0,1064.0,0.667,0.643,0.636,0.29,452.0,1.6,9.9,5.9,26.8,1.3,0.8,13.8,18.5,4.0,1.5,5.5,0.207,landry shamet,21.4,False
28,28,Career,Cincinnati,54.0,42.0,1596.0,0.513,0.484,0.476,0.244,576.0,5.1,10.7,7.9,18.6,2.5,3.3,9.7,20.6,3.5,3.8,7.3,0.183,jacob evans,18.6,False
30,30,Career,Villanova,18.0,18.0,519.0,0.604,0.604,0.5,0.229,184.0,7.8,22.8,15.7,3.6,1.0,5.0,8.1,16.9,1.3,0.7,1.9,0.15,omari spellman,19.2,False
32,32,Career,West Virginia,72.0,56.0,2255.0,0.506,0.467,0.459,0.281,871.0,3.7,12.0,7.6,24.4,3.8,0.8,15.6,20.6,3.9,3.5,7.4,0.131,jevon carter,17.0,False
33,33,Career,Villanova,54.0,53.0,1620.0,0.611,0.564,0.383,0.385,812.0,1.6,8.3,5.2,24.7,1.6,0.1,16.0,25.0,5.1,1.7,6.8,0.169,jalen brunson,20.6,False
35,35,Career,Tulane,53.0,40.0,1512.0,0.549,0.53,0.359,0.388,545.0,5.0,12.3,8.5,12.9,3.5,1.6,17.1,21.1,1.6,1.4,3.0,0.079,melvin frazier,17.0,False
38,38,Career,Creighton,53.0,48.0,1474.0,0.579,0.561,0.418,0.249,587.0,4.9,13.1,9.2,16.6,2.7,0.6,15.2,19.9,2.8,1.8,4.6,0.126,khyri thomas,18.1,False
41,41,Career,Kentucky,13.0,0.0,227.0,0.506,0.46,0.016,0.571,96.0,19.9,28.6,24.4,10.5,1.5,5.7,14.9,20.5,0.5,0.4,0.9,0.163,jarred vanderbilt,22.5,False
45,45,Career,Kentucky,18.0,18.0,413.0,0.428,0.388,0.298,0.455,121.0,3.6,11.0,7.4,6.4,1.4,1.7,14.0,20.5,-0.1,0.4,0.3,0.032,hamidou diallo,7.5,False
49,49,Career,USC,54.0,36.0,1453.0,0.561,0.526,0.049,0.441,625.0,7.9,18.2,13.0,8.5,1.4,5.7,13.6,23.5,2.9,1.7,4.5,0.125,chimezie metu,20.6,False
50,50,Career,Missouri State,36.0,36.0,1179.0,0.544,0.496,0.351,0.454,580.0,11.5,31.7,21.3,16.2,1.0,1.3,13.8,26.7,3.2,1.6,4.8,0.161,alize johnson,24.4,False
51,51,Career,Penn State,36.0,36.0,1276.0,0.504,0.458,0.305,0.335,643.0,2.8,12.4,7.5,27.8,0.9,1.1,13.4,28.9,2.2,1.1,3.3,0.104,tony carr,17.7,False
53,53,Career,Virginia,66.0,49.0,1687.0,0.543,0.505,0.41,0.284,502.0,1.9,15.6,8.8,17.1,1.5,0.9,10.7,17.9,3.1,3.3,6.4,0.153,devon hall,15.9,False
57,57,Career,UT Arlington,60.0,41.0,1650.0,0.557,0.527,0.438,0.305,864.0,7.2,23.1,15.2,15.0,1.9,2.3,13.3,27.8,3.9,3.0,6.9,0.167,kevin hervey,23.2,False
58,58,Career,UCLA,72.0,52.0,1813.0,0.583,0.564,0.14,0.152,640.0,11.0,22.7,17.1,5.2,0.7,3.9,6.4,16.2,4.8,2.3,7.1,0.157,thomas welsh,20.4,False
59,59,Career,Colorado,67.0,49.0,1600.0,0.561,0.536,0.477,0.261,600.0,6.7,19.3,13.1,6.1,1.0,1.7,15.0,21.9,2.4,1.7,4.1,0.103,george king,16.4,False
60,60,Career,Dayton,16.0,0.0,213.0,0.612,0.62,0.109,1.0,79.0,9.2,16.1,12.8,5.5,0.9,5.8,21.0,22.0,0.3,0.1,0.4,0.082,kostas antetokounmpo,16.4,False
1,1,Career,Duke,13.0,13.0,385.0,0.721,0.733,0.168,0.559,258.0,11.8,18.3,15.1,18.2,3.9,5.7,12.8,28.8,2.3,0.9,3.2,0.33,zion williamson,43.1,True
3,3,Career,Duke,18.0,18.0,668.0,0.541,0.513,0.363,0.327,411.0,4.9,16.7,10.9,25.1,0.7,0.9,13.3,32.1,2.0,0.9,2.9,0.175,rj barrett,23.4,True
5,5,Career,Vanderbilt,5.0,5.0,139.0,0.657,0.639,0.426,0.296,71.0,1.6,13.7,7.7,25.7,1.7,1.5,19.6,27.9,0.4,0.1,0.5,0.148,darius garland,23.6,True
6,6,Career,Texas Tech,36.0,29.0,1126.0,0.547,0.513,0.357,0.381,529.0,4.9,17.9,11.5,18.3,2.1,2.5,14.2,27.3,2.4,2.1,4.5,0.16,jarrett culver,21.0,True
7,7,Career,UNC,18.0,18.0,537.0,0.59,0.557,0.549,0.252,301.0,1.9,10.6,6.3,25.9,2.0,2.1,16.4,28.0,1.5,0.8,2.4,0.176,coby white,21.8,True
8,8,Career,Texas,18.0,18.0,461.0,0.762,0.728,0.0,0.674,165.0,8.1,18.2,13.2,2.9,1.3,9.6,12.3,16.6,1.9,0.6,2.5,0.219,jaxson hayes,27.7,True
9,9,Career,Gonzaga,49.0,16.0,954.0,0.661,0.63,0.068,0.455,520.0,7.0,17.3,12.5,6.8,2.0,2.6,9.8,26.7,4.3,2.5,6.8,0.286,rui hachimura,30.6,True
10,10,Career,Duke,17.0,17.0,568.0,0.473,0.439,0.595,0.241,235.0,2.5,10.7,6.7,12.5,2.5,2.2,15.7,26.1,0.3,0.9,1.2,0.082,cam reddish,13.0,True
13,13,Career,Kentucky,18.0,18.0,612.0,0.625,0.565,0.398,0.309,246.0,1.2,14.6,8.4,13.6,1.6,0.6,11.7,21.3,2.0,1.1,3.0,0.198,tyler herro,21.2,True
14,14,Career,Indiana,20.0,20.0,697.0,0.539,0.48,0.327,0.48,309.0,4.4,12.5,8.4,12.8,1.4,2.2,11.9,26.2,1.5,0.6,2.1,0.122,romeo langford,19.8,True
16,16,Career,Auburn,36.0,18.0,927.0,0.591,0.574,0.413,0.25,369.0,9.8,18.0,13.8,10.6,2.4,4.4,12.5,18.8,2.5,1.3,3.8,0.165,chuma okeke,22.0,False
20,20,Career,Washington,72.0,72.0,2213.0,0.554,0.528,0.519,0.224,681.0,3.6,8.8,6.1,12.3,4.7,4.6,18.2,16.9,2.5,3.5,6.0,0.108,matisse thybulle,16.7,False
22,22,Career,Tennessee,54.0,54.0,1598.0,0.583,0.506,0.091,0.682,864.0,10.0,13.8,12.0,12.5,1.7,5.9,12.4,27.4,5.6,2.5,8.1,0.202,grant williams,26.1,False
24,24,Career,Virginia,53.0,38.0,1443.0,0.581,0.56,0.487,0.181,554.0,1.3,11.9,6.8,29.4,2.8,0.1,14.8,21.4,4.0,3.2,7.1,0.198,ty jerome,20.4,False
25,25,Career,UNC,18.0,0.0,314.0,0.519,0.45,0.158,0.517,147.0,8.0,19.5,13.8,7.6,1.4,3.5,14.3,25.4,0.5,0.6,1.1,0.138,nassir little,17.8,False
26,26,Career,Belmont,68.0,52.0,2020.0,0.696,0.674,0.505,0.372,921.0,6.6,22.9,15.4,12.3,2.0,2.4,13.4,20.8,7.6,3.8,11.4,0.225,dylan windler,25.4,False
27,27,Career,Florida State,36.0,0.0,659.0,0.569,0.523,0.221,0.592,329.0,12.7,21.0,16.9,3.6,1.8,7.1,10.2,26.1,2.1,1.2,3.2,0.197,mfiondu kabengele,26.5,False
28,28,Career,Michigan,38.0,20.0,963.0,0.57,0.532,0.563,0.257,354.0,0.6,8.6,4.7,10.6,1.9,1.0,11.2,22.5,1.7,1.5,3.2,0.132,jordan poole,16.4,False
29,29,Career,Kentucky,18.0,17.0,547.0,0.506,0.466,0.294,0.384,209.0,5.8,16.1,11.3,12.6,1.3,0.6,12.5,23.0,0.9,1.0,1.9,0.138,keldon johnson,16.0,False
33,33,Career,Purdue,56.0,53.0,1682.0,0.519,0.471,0.49,0.29,865.0,1.8,11.1,6.6,18.5,2.7,0.8,11.7,31.7,3.6,2.4,6.0,0.144,carsen edwards,19.7,False
34,34,Career,Maryland,38.0,33.0,1051.0,0.617,0.565,0.027,0.493,460.0,11.9,26.5,19.7,13.3,1.1,4.6,20.4,23.6,2.6,1.8,4.4,0.168,bruno fernando,24.0,False
38,38,Career,Arkansas,36.0,35.0,952.0,0.612,0.621,0.0,0.548,479.0,11.9,20.5,16.1,5.8,1.6,9.9,12.2,25.7,2.9,1.2,4.1,0.172,daniel gafford,28.1,False
42,42,Career,Tennessee,72.0,49.0,1882.0,0.556,0.529,0.353,0.229,801.0,5.9,17.9,12.0,10.5,1.5,1.6,10.7,23.9,4.1,2.6,6.6,0.141,admiral schofield,19.1,False
43,43,Career,Washington,36.0,35.0,1207.0,0.538,0.504,0.263,0.254,554.0,4.0,15.3,9.7,18.8,2.0,0.7,16.7,27.0,1.9,2.0,3.9,0.128,jaylen nowell,17.8,False
44,44,Career,Oregon,9.0,9.0,268.0,0.632,0.61,0.189,0.28,154.0,8.7,29.0,19.2,9.6,1.6,12.4,10.7,33.4,1.1,0.8,1.8,0.271,bol bol,37.5,False
45,45,Career,Nebraska,55.0,35.0,1428.0,0.562,0.541,0.24,0.381,480.0,7.8,17.7,12.8,12.4,2.1,6.2,17.7,18.3,2.1,2.1,4.2,0.117,isaiah roby,19.1,False
47,47,Career,Michigan,20.0,20.0,598.0,0.564,0.525,0.373,0.323,255.0,3.7,16.1,10.0,5.8,1.5,1.7,8.6,25.5,1.4,1.2,2.6,0.171,ignas brazdeikis,20.4,False
48,48,Career,Florida State,71.0,49.0,1860.0,0.581,0.554,0.206,0.464,673.0,8.3,12.4,10.4,14.2,1.7,0.9,13.9,16.8,4.4,1.8,6.2,0.133,terance mann,17.8,False
49,49,Career,Mississippi State,71.0,67.0,2341.0,0.575,0.541,0.356,0.323,1085.0,5.6,13.0,9.3,13.6,2.7,1.1,15.5,25.2,5.1,2.6,7.8,0.133,quinndary weatherspoon,20.6,False
50,50,Career,College of Charleston,72.0,70.0,2338.0,0.574,0.532,0.211,0.349,1133.0,6.6,23.1,14.9,12.2,2.3,2.9,14.8,28.1,5.7,4.0,9.7,0.165,jarrell brantley,24.0,False
51,51,Career,LSU,34.0,32.0,1142.0,0.533,0.482,0.466,0.348,585.0,1.3,10.7,5.9,34.9,3.8,0.4,15.8,26.5,2.8,1.3,4.2,0.146,tremont waters,21.8,False
52,52,Career,San Diego State,36.0,35.0,1084.0,0.579,0.541,0.116,0.314,500.0,9.2,23.8,16.5,10.1,2.2,2.0,12.9,24.5,2.8,2.0,4.8,0.178,jalen mcdaniels,23.5,False
55,55,Career,Virginia,54.0,38.0,1572.0,0.546,0.53,0.584,0.124,552.0,1.6,10.7,6.4,11.1,1.5,0.2,9.8,23.6,2.8,2.9,5.7,0.145,kyle guy,16.4,False
56,56,Career,UCLA,35.0,27.0,1012.0,0.55,0.506,0.472,0.337,465.0,2.2,11.3,7.0,27.8,2.4,0.4,17.3,22.8,2.2,0.7,2.9,0.115,jaylen hands,18.3,False
57,57,Career,Tennessee,54.0,49.0,1357.0,0.508,0.478,0.32,0.196,518.0,1.2,10.6,6.0,30.3,1.3,0.2,14.6,20.4,2.3,1.4,3.7,0.108,jordan bone,15.2,False
58,58,Career,Yale,42.0,40.0,1342.0,0.548,0.509,0.426,0.302,628.0,3.1,18.8,11.4,20.5,1.7,3.7,15.5,26.1,2.3,2.1,4.4,0.131,miye oni,19.6,False
5,5,Career,Auburn,15.0,15.0,496.0,0.565,0.512,0.346,0.638,186.0,5.5,9.8,7.6,14.5,1.9,3.0,13.6,18.8,1.3,0.4,1.7,0.137,isaac okoro,18.6,True
6,6,Career,USC,16.0,16.0,519.0,0.643,0.613,0.007,0.517,230.0,12.4,16.4,14.5,8.5,2.1,8.2,16.1,22.4,1.7,1.2,2.9,0.224,onyeka okongwu,28.3,True
10,10,Career,Maryland,40.0,40.0,1214.0,0.602,0.573,0.287,0.355,511.0,10.9,21.6,16.4,4.7,1.0,6.1,11.1,22.8,3.8,2.1,5.9,0.196,jalen smith,25.7,True
11,11,Career,Florida State,35.0,19.0,723.0,0.607,0.592,0.423,0.18,288.0,4.5,15.1,9.8,12.4,2.1,3.5,8.1,19.5,2.4,1.2,3.6,0.201,devin vassell,23.0,True
12,12,Career,Iowa State,28.0,28.0,959.0,0.597,0.571,0.61,0.209,270.0,3.5,9.9,6.7,21.9,2.8,2.6,18.7,13.3,1.8,0.7,2.6,0.107,tyrese haliburton,16.9,True
14,14,Career,Vanderbilt,19.0,18.0,633.0,0.531,0.493,0.578,0.266,237.0,4.5,15.4,9.7,9.7,1.5,2.1,13.1,23.5,0.8,0.3,1.1,0.072,aaron nesmith,15.4,True
15,15,Career,UNC,13.0,11.0,471.0,0.534,0.481,0.41,0.368,248.0,1.4,15.8,8.4,24.8,1.7,0.5,14.7,30.1,1.2,0.3,1.5,0.126,cole anthony,20.3,False
19,19,Career,Villanova,36.0,33.0,1197.0,0.614,0.602,0.554,0.199,444.0,6.3,10.6,8.5,10.8,1.8,0.7,9.8,19.1,3.5,1.3,4.8,0.16,saddiq bey,19.5,False
20,20,Career,Memphis,18.0,18.0,581.0,0.543,0.518,0.136,0.507,277.0,11.1,24.7,18.6,7.3,1.7,6.5,16.2,28.3,0.9,1.5,2.3,0.16,precious achiuwa,23.4,False
21,21,Career,Kentucky,18.0,18.0,636.0,0.525,0.477,0.277,0.296,253.0,1.6,11.5,7.0,19.4,1.7,1.5,12.9,22.5,1.3,0.6,1.9,0.121,tyrese maxey,17.4,False
22,22,Career,Arizona,18.0,18.0,578.0,0.571,0.513,0.056,0.626,272.0,11.4,21.5,16.2,5.1,1.7,2.7,11.5,24.8,1.8,1.1,3.0,0.206,zeke nnaji,25.3,False
25,25,Career,Kentucky,36.0,14.0,932.0,0.606,0.525,0.479,0.5,383.0,1.1,12.0,7.0,11.2,1.5,0.4,9.9,21.3,3.1,1.1,4.2,0.181,immanuel quickley,19.7,False
26,26,Career,Oregon,72.0,72.0,2512.0,0.565,0.529,0.529,0.255,1053.0,2.7,10.6,6.7,25.8,2.6,0.2,13.3,21.4,7.3,3.0,10.3,0.164,payton pritchard,19.8,False
27,27,Career,Kansas,37.0,36.0,969.0,0.688,0.748,0.0,0.601,445.0,14.6,24.0,19.6,5.3,1.0,9.8,19.4,23.6,3.0,2.1,5.1,0.209,udoka azubuike,30.4,False
28,28,Career,Washington,17.0,8.0,485.0,0.499,0.449,0.416,0.337,201.0,5.4,17.3,11.7,13.9,0.8,6.1,19.8,26.9,0.2,0.8,1.0,0.081,jaden mcdaniels,14.6,False
30,30,Career,TCU,72.0,53.0,2187.0,0.594,0.572,0.426,0.179,848.0,4.0,13.8,8.8,18.1,1.8,1.2,13.7,21.2,5.3,1.4,6.7,0.123,desmond bane,18.8,False
31,31,Career,Stanford,18.0,18.0,614.0,0.604,0.54,0.495,0.387,260.0,1.1,12.8,7.2,19.0,1.8,0.2,18.2,23.6,1.4,1.0,2.4,0.153,tyrell terry,18.2,False
33,33,Career,Minnesota,39.0,35.0,1151.0,0.574,0.549,0.079,0.393,562.0,11.2,22.2,16.8,6.3,0.8,5.6,13.5,28.0,3.1,1.7,4.8,0.166,daniel oturu,26.3,False
36,36,Career,Colorado,54.0,53.0,1407.0,0.587,0.549,0.066,0.446,601.0,8.2,27.6,18.3,7.3,2.2,3.9,14.0,23.7,3.4,2.9,6.2,0.178,tyler bey,24.0,False
38,38,Career,Vanderbilt,54.0,51.0,1779.0,0.562,0.518,0.292,0.513,781.0,1.7,10.2,5.8,26.1,2.2,0.6,17.3,24.8,3.4,0.4,3.7,0.084,saben lee,18.1,False
41,41,Career,Duke,36.0,36.0,1290.0,0.497,0.453,0.289,0.286,521.0,2.3,10.4,6.5,26.3,2.8,0.6,12.8,19.8,2.7,2.0,4.7,0.147,tre jones,17.9,False
45,45,Career,Louisville,49.0,37.0,1402.0,0.561,0.522,0.473,0.27,629.0,4.2,20.9,12.7,9.4,1.5,1.2,12.4,26.2,3.3,2.5,5.8,0.164,jordan nwora,20.1,False
46,46,Career,Washington State,36.0,33.0,1169.0,0.49,0.45,0.412,0.274,549.0,4.7,23.1,13.5,19.0,2.4,2.4,15.1,29.0,1.0,1.2,2.2,0.074,cj elleby,17.6,False
48,48,Career,Arizona,18.0,18.0,599.0,0.492,0.434,0.445,0.36,252.0,0.9,9.7,5.1,29.8,1.9,0.0,16.8,24.8,0.8,0.9,1.7,0.114,nico mannion,15.0,False
49,49,Career,Arkansas,31.0,30.0,1011.0,0.582,0.548,0.771,0.21,396.0,1.8,10.2,5.8,9.5,2.5,0.8,8.9,21.1,2.3,0.7,3.0,0.118,isaiah joe,18.0,False
50,50,Career,LSU,72.0,68.0,2292.0,0.566,0.493,0.423,0.487,928.0,1.5,11.2,6.4,17.5,3.0,0.4,13.1,20.2,5.8,1.5,7.3,0.127,skylar mays,19.1,False
51,51,Career,Boise State,72.0,68.0,2216.0,0.598,0.577,0.624,0.152,828.0,2.1,14.1,8.0,12.5,2.0,1.6,10.5,19.5,5.5,2.9,8.3,0.15,justinian jessup,18.4,False
53,53,Career,Michigan State,76.0,61.0,2249.0,0.61,0.557,0.4,0.407,1202.0,1.3,9.0,5.6,43.2,1.7,0.3,19.3,26.2,8.3,2.8,11.1,0.198,cassius winston,23.1,False
54,54,Career,Duke,19.0,19.0,542.0,0.56,0.521,0.335,0.356,236.0,7.3,12.1,9.8,7.6,0.8,1.5,13.9,22.8,1.3,0.7,1.9,0.144,cassius stanley,17.7,False
1,1,Career,Oklahoma State,15.0,15.0,545.0,0.578,0.518,0.365,0.406,287.0,2.7,17.0,10.3,18.6,2.1,2.7,20.7,29.5,1.1,0.8,1.9,0.142,cade cunningham,20.8,True
3,3,Career,USC,20.0,20.0,674.0,0.607,0.57,0.1,0.575,298.0,7.9,20.7,14.4,13.4,1.7,8.2,16.1,22.6,2.1,1.5,3.6,0.214,evan mobley,26.9,True
4,4,Career,Florida State,14.0,2.0,335.0,0.551,0.526,0.188,0.342,175.0,8.7,13.2,11.1,31.4,3.6,2.8,17.6,24.2,1.1,0.5,1.6,0.195,scottie barnes,25.1,True
5,5,Career,Gonzaga,15.0,15.0,417.0,0.568,0.517,0.301,0.432,215.0,3.2,18.2,11.3,21.4,3.3,0.7,19.6,25.0,1.0,1.1,2.1,0.199,jalen suggs,20.8,True
8,8,Career,Michigan,37.0,37.0,1208.0,0.588,0.552,0.458,0.263,460.0,3.2,17.9,10.9,11.5,2.5,2.7,11.0,20.5,3.1,2.0,5.1,0.17,franz wagner,21.3,True
10,10,Career,Stanford,14.0,8.0,385.0,0.491,0.459,0.429,0.248,144.0,1.4,14.4,8.4,17.6,1.8,2.1,20.4,25.7,0.0,0.4,0.4,0.042,ziaire williams,11.9,True
11,11,Career,UConn,27.0,23.0,821.0,0.558,0.504,0.285,0.353,418.0,5.9,13.1,9.4,12.6,1.8,1.0,12.9,28.7,2.4,1.0,3.4,0.168,james bouknight,22.4,True
12,12,Career,Alabama,18.0,16.0,420.0,0.565,0.527,0.538,0.215,155.0,5.9,9.8,7.9,7.7,1.4,1.3,15.9,18.4,0.7,0.7,1.5,0.139,joshua primo,14.5,True
13,13,Career,Oregon,31.0,31.0,1050.0,0.583,0.551,0.466,0.282,449.0,4.0,16.1,10.0,11.8,3.8,2.8,12.5,24.2,3.0,1.6,4.5,0.173,chris duarte,24.1,True
14,14,Career,Arkansas,17.0,17.0,592.0,0.562,0.484,0.427,0.491,291.0,6.1,12.3,9.2,9.7,1.7,1.8,9.4,23.3,1.9,0.7,2.6,0.175,moses moody,20.9,True
15,15,Career,Gonzaga,65.0,46.0,1725.0,0.609,0.578,0.556,0.242,684.0,4.1,13.4,9.1,7.7,1.6,1.6,10.0,19.3,5.0,3.6,8.6,0.2,corey kispert,19.5,False
18,18,Career,Florida,33.0,15.0,803.0,0.522,0.485,0.421,0.232,308.0,2.8,15.0,9.2,14.6,2.3,0.5,17.5,23.3,1.0,1.0,2.0,0.098,tre mann,15.0,False
19,19,Career,Texas,33.0,10.0,700.0,0.562,0.525,0.3,0.45,198.0,9.5,12.9,11.2,4.2,2.4,5.7,19.8,15.6,0.9,1.1,2.0,0.114,kai jones,15.8,False
24,24,Career,Arizona State,9.0,9.0,275.0,0.481,0.446,0.356,0.277,103.0,2.8,15.0,8.6,9.4,2.7,2.0,13.6,24.2,0.1,0.2,0.3,0.047,josh christopher,13.3,False
28,28,Career,Tennessee,15.0,11.0,401.0,0.569,0.507,0.221,0.478,191.0,4.0,11.2,7.6,28.2,2.9,2.0,20.5,26.6,0.8,0.7,1.5,0.147,jaden springer,20.7,False
30,30,Career,Loyola (MD),23.0,22.0,748.0,0.555,0.536,0.377,0.329,394.0,6.0,26.0,16.0,15.0,1.6,6.3,14.6,30.2,1.7,1.3,3.0,0.16,santi aldama,25.4,False
36,36,Career,West Virginia,35.0,18.0,993.0,0.53,0.48,0.327,0.357,444.0,3.2,9.6,6.2,21.3,3.2,1.1,13.3,24.1,2.6,1.3,3.9,0.158,miles mcbride,19.9,False
37,37,Career,Auburn,18.0,18.0,440.0,0.539,0.489,0.372,0.445,172.0,8.4,17.5,13.1,6.6,1.8,6.5,13.1,20.0,0.9,0.5,1.4,0.124,jt thor,19.6,False
38,38,Career,Illinois,56.0,56.0,1924.0,0.539,0.504,0.253,0.292,928.0,2.8,13.0,7.9,25.0,1.7,0.8,14.8,27.0,4.4,2.2,6.5,0.136,ayo dosunmu,20.2,False
40,40,Career,Baylor,50.0,48.0,1553.0,0.561,0.539,0.528,0.224,731.0,2.6,11.3,6.8,24.6,3.1,0.5,17.3,26.5,4.0,2.3,6.3,0.162,jared butler,20.3,False
41,41,Career,Iowa,60.0,60.0,1848.0,0.594,0.557,0.476,0.333,710.0,4.2,17.0,10.7,8.2,1.9,1.6,10.1,20.4,4.9,1.5,6.4,0.138,joe wieskamp,20.1,False
42,42,Career,Michigan,63.0,43.0,1614.0,0.584,0.543,0.538,0.25,512.0,3.9,14.6,9.5,7.2,1.1,2.1,8.7,17.1,3.6,2.4,6.0,0.15,isaiah livers,16.6,False
44,44,Career,Pepperdine,45.0,39.0,1436.0,0.566,0.528,0.418,0.287,527.0,6.1,19.3,12.6,7.6,2.0,4.6,11.5,19.6,2.8,1.7,4.5,0.126,kessler edwards,19.0,False
48,48,Career,Auburn,11.0,11.0,364.0,0.528,0.431,0.311,0.605,255.0,2.1,10.4,6.4,53.5,1.8,0.8,17.6,33.0,1.4,0.2,1.5,0.17,sharife cooper,24.2,False
49,49,Career,Creighton,51.0,47.0,1731.0,0.581,0.553,0.522,0.236,719.0,1.2,9.9,5.8,24.1,2.1,0.2,15.8,21.4,4.2,1.5,5.7,0.131,marcus zegarowski,18.0,False
52,52,Career,Iowa,77.0,74.0,2185.0,0.583,0.551,0.208,0.379,1285.0,10.8,17.2,14.1,10.3,1.0,4.3,8.8,30.6,8.9,1.4,10.3,0.189,luka garza,29.0,False
53,53,Career,Western Kentucky,32.0,32.0,1018.0,0.675,0.644,0.1,0.398,476.0,11.8,28.4,20.7,3.8,0.9,9.4,18.9,24.3,3.1,2.5,5.7,0.222,charles bassey,29.0,False
54,54,Career,Seton Hall,66.0,46.0,1610.0,0.551,0.523,0.348,0.298,655.0,7.6,19.0,13.3,15.0,1.5,3.0,15.7,22.5,3.1,1.9,5.1,0.126,sandro mamukelashvili,19.3,False
55,55,Career,Maryland,60.0,25.0,1678.0,0.528,0.503,0.511,0.168,612.0,4.7,13.7,9.3,12.2,1.6,1.3,12.5,22.7,2.5,2.0,4.5,0.108,aaron wiggins,16.1,False
56,56,Career,Florida,30.0,18.0,831.0,0.568,0.518,0.359,0.375,247.0,3.7,9.4,6.7,7.3,2.8,3.7,16.3,16.9,1.4,1.0,2.4,0.114,scottie lewis,15.4,False
58,58,Career,Texas,61.0,35.0,1205.0,0.637,0.673,0.0,0.496,383.0,9.4,20.5,15.0,4.0,1.0,3.3,16.8,16.8,2.4,1.6,4.0,0.132,jericho sims,19.1,False
59,59,Career,Florida State,52.0,33.0,967.0,0.564,0.518,0.199,0.438,386.0,7.5,18.6,13.3,14.0,2.9,3.4,20.9,21.7,1.7,1.8,3.5,0.146,raiquan gray,18.9,False
